-- phpMyAdmin SQL Dump
-- version 4.6.4
-- https://www.phpmyadmin.net/
--
-- Host: fdb18.biz.nf
-- Gegenereerd op: 05 jun 2021 om 17:41
-- Serverversie: 5.7.20-log
-- PHP-versie: 5.5.38

SET SQL_MODE = "NO_AUTO_VALUE_ON_ZERO";
SET time_zone = "+00:00";


/*!40101 SET @OLD_CHARACTER_SET_CLIENT=@@CHARACTER_SET_CLIENT */;
/*!40101 SET @OLD_CHARACTER_SET_RESULTS=@@CHARACTER_SET_RESULTS */;
/*!40101 SET @OLD_COLLATION_CONNECTION=@@COLLATION_CONNECTION */;
/*!40101 SET NAMES utf8mb4 */;

--
-- Database: `2631859_thomas`
--

-- --------------------------------------------------------

--
-- Tabelstructuur voor tabel `afdeling`
--

CREATE TABLE `afdeling` (
  `id` int(11) NOT NULL,
  `naam` text
) ENGINE=InnoDB DEFAULT CHARSET=utf8;

--
-- Gegevens worden geëxporteerd voor tabel `afdeling`
--

INSERT INTO `afdeling` (`id`, `naam`) VALUES
(1, NULL),
(2, 'IT'),
(3, 'Boekhouding'),
(4, 'Aalter'),
(5, 'Alleur'),
(6, 'ALU'),
(7, 'Expeditie'),
(8, 'Izegem'),
(9, 'Oostende'),
(10, 'PVC'),
(11, 'Hasselt'),
(12, 'SDW'),
(13, 'Ardooie'),
(14, 'Antwerpen');

-- --------------------------------------------------------

--
-- Tabelstructuur voor tabel `deelnemers`
--

CREATE TABLE `deelnemers` (
  `id` int(11) NOT NULL,
  `naam` text,
  `email` text,
  `timestamp` datetime DEFAULT NULL,
  `afdeling` int(1) DEFAULT NULL,
  `status` int(1) DEFAULT NULL,
  `betaald` int(1) DEFAULT NULL
) ENGINE=InnoDB DEFAULT CHARSET=utf8;

--
-- Gegevens worden geëxporteerd voor tabel `deelnemers`
--

INSERT INTO `deelnemers` (`id`, `naam`, `email`, `timestamp`, `afdeling`, `status`, `betaald`) VALUES
(85, 'Kris Planckaert', 'kris.planckaert@winsol.eu', '2021-06-03 18:39:01', 1, 1, 0),
(86, 'decroix kristof', 'kristof.decroix@winsol.eu', '2021-06-04 05:53:24', 1, 1, 0),
(87, 'VERVAECKE MIKE', 'mike.vervaecke@winsol.eu', '2021-06-04 06:13:36', 1, 1, 0),
(88, 'An Katrien Dejaeghere', 'ankatrien.dejaeghere@winsol.be', '2021-06-04 08:11:07', 1, 1, 0),
(89, 'Simon', 'simon.hemeryck@winsol.eu', '2021-06-04 10:31:56', 1, 1, 0),
(90, 'Thomas Vanhuysse', 'thomas.vanhuysse@winsol.eu', '2021-06-05 05:24:59', 1, 1, 0),
(91, 'Danny Vanseveren', 'danny.vanseveren@telenet.be', '2021-06-05 14:45:06', 1, 1, 0),
(92, 'Xavier Costenoble', 'xavier.costenoble@gmail.com', '2021-06-05 16:03:59', 1, 1, 0);

-- --------------------------------------------------------

--
-- Tabelstructuur voor tabel `deelnemers_input`
--

CREATE TABLE `deelnemers_input` (
  `id` int(11) NOT NULL,
  `id_deelnemer` int(11) DEFAULT NULL,
  `id_wedstrijd` int(11) DEFAULT NULL,
  `input1` int(11) NOT NULL,
  `input2` int(11) DEFAULT NULL,
  `score` int(11) DEFAULT NULL
) ENGINE=InnoDB DEFAULT CHARSET=utf8;

--
-- Gegevens worden geëxporteerd voor tabel `deelnemers_input`
--

INSERT INTO `deelnemers_input` (`id`, `id_deelnemer`, `id_wedstrijd`, `input1`, `input2`, `score`) VALUES
(5840, 85, 1, 0, 1, 0),
(5841, 85, 2, 0, 1, 0),
(5842, 85, 3, 1, 0, 0),
(5843, 85, 4, 1, 0, 0),
(5844, 85, 5, 1, 0, 0),
(5845, 85, 6, 1, 0, 0),
(5846, 85, 7, 2, 0, 0),
(5847, 85, 8, 0, 1, 0),
(5848, 85, 9, 1, 0, 0),
(5849, 85, 10, 1, 0, 0),
(5850, 85, 11, 0, 1, 0),
(5851, 85, 12, 1, 1, 0),
(5852, 85, 13, 0, 1, 0),
(5853, 85, 14, 0, 1, 0),
(5854, 85, 15, 1, 0, 0),
(5855, 85, 16, 1, 0, 0),
(5856, 85, 17, 1, 1, 0),
(5857, 85, 18, 1, 0, 0),
(5858, 85, 19, 1, 0, 0),
(5859, 85, 20, 1, 0, 0),
(5860, 85, 21, 1, 0, 0),
(5861, 85, 22, 0, 2, 0),
(5862, 85, 23, 0, 1, 0),
(5863, 85, 24, 1, 0, 0),
(5864, 85, 25, 1, 0, 0),
(5865, 85, 26, 1, 0, 0),
(5866, 85, 27, 1, 0, 0),
(5867, 85, 28, 0, 1, 0),
(5868, 85, 29, 0, 1, 0),
(5869, 85, 30, 0, 1, 0),
(5870, 85, 31, 1, 0, 0),
(5871, 85, 32, 0, 2, 0),
(5872, 85, 33, 0, 1, 0),
(5873, 85, 34, 0, 2, 0),
(5874, 85, 35, 0, 1, 0),
(5875, 85, 36, 1, 0, 0),
(5876, 85, 37, 2, 9, 0),
(5877, 85, 38, 4, 5, 0),
(5878, 85, 39, 7, 1, 0),
(5879, 85, 40, 10, 24, 0),
(5880, 85, 41, 13, 17, 0),
(5881, 85, 42, 21, 12, 0),
(5882, 85, 43, 15, 22, 0),
(5883, 85, 44, 19, 3, 0),
(5884, 85, 45, 21, 13, 0),
(5885, 85, 46, 7, 2, 0),
(5886, 85, 47, 10, 5, 0),
(5887, 85, 48, 19, 22, 0),
(5888, 85, 49, 21, 2, 0),
(5889, 85, 50, 19, 10, 0),
(5890, 85, 51, 21, 19, 0),
(5891, 85, 52, 21, 0, 0),
(5892, 85, 53, 131, 0, 0),
(5893, 86, 1, 0, 2, 0),
(5894, 86, 2, 1, 1, 0),
(5895, 86, 3, 3, 0, 0),
(5896, 86, 4, 2, 1, 0),
(5897, 86, 5, 2, 0, 0),
(5898, 86, 6, 2, 1, 0),
(5899, 86, 7, 2, 1, 0),
(5900, 86, 8, 2, 1, 0),
(5901, 86, 9, 2, 1, 0),
(5902, 86, 10, 2, 1, 0),
(5903, 86, 11, 0, 3, 0),
(5904, 86, 12, 1, 1, 0),
(5905, 86, 13, 0, 1, 0),
(5906, 86, 14, 1, 3, 0),
(5907, 86, 15, 1, 0, 0),
(5908, 86, 16, 2, 1, 0),
(5909, 86, 17, 1, 1, 0),
(5910, 86, 18, 2, 1, 0),
(5911, 86, 19, 2, 1, 0),
(5912, 86, 20, 2, 1, 0),
(5913, 86, 21, 2, 0, 0),
(5914, 86, 22, 0, 3, 0),
(5915, 86, 23, 1, 1, 0),
(5916, 86, 24, 2, 1, 0),
(5917, 86, 25, 1, 1, 0),
(5918, 86, 26, 2, 1, 0),
(5919, 86, 27, 1, 1, 0),
(5920, 86, 28, 0, 3, 0),
(5921, 86, 29, 1, 2, 0),
(5922, 86, 30, 0, 2, 0),
(5923, 86, 31, 2, 1, 0),
(5924, 86, 32, 0, 3, 0),
(5925, 86, 33, 1, 2, 0),
(5926, 86, 34, 0, 3, 0),
(5927, 86, 35, 1, 1, 0),
(5928, 86, 36, 2, 1, 0),
(5929, 86, 37, 2, 12, 0),
(5930, 86, 38, 3, 5, 0),
(5931, 86, 39, 7, 21, 0),
(5932, 86, 40, 10, 20, 0),
(5933, 86, 41, 13, 17, 0),
(5934, 86, 42, 22, 9, 0),
(5935, 86, 43, 15, 24, 0),
(5936, 86, 44, 19, 4, 0),
(5937, 86, 45, 22, 17, 0),
(5938, 86, 46, 21, 2, 0),
(5939, 86, 47, 10, 5, 0),
(5940, 86, 48, 19, 15, 0),
(5941, 86, 49, 22, 21, 0),
(5942, 86, 50, 15, 10, 0),
(5943, 86, 51, 21, 15, 0),
(5944, 86, 52, 15, 0, 0),
(5945, 86, 53, 122, 0, 0),
(5946, 87, 1, 0, 2, 0),
(5947, 87, 2, 1, 1, 0),
(5948, 87, 3, 0, 1, 0),
(5949, 87, 4, 1, 1, 0),
(5950, 87, 5, 2, 1, 0),
(5951, 87, 6, 2, 0, 0),
(5952, 87, 7, 2, 1, 0),
(5953, 87, 8, 0, 0, 0),
(5954, 87, 9, 1, 0, 0),
(5955, 87, 10, 3, 1, 0),
(5956, 87, 11, 0, 2, 0),
(5957, 87, 12, 1, 2, 0),
(5958, 87, 13, 0, 2, 0),
(5959, 87, 14, 0, 0, 0),
(5960, 87, 15, 1, 1, 0),
(5961, 87, 16, 1, 1, 0),
(5962, 87, 17, 1, 3, 0),
(5963, 87, 18, 3, 0, 0),
(5964, 87, 19, 2, 3, 0),
(5965, 87, 20, 3, 1, 0),
(5966, 87, 21, 2, 2, 0),
(5967, 87, 22, 0, 3, 0),
(5968, 87, 23, 1, 1, 0),
(5969, 87, 24, 2, 0, 0),
(5970, 87, 25, 3, 1, 0),
(5971, 87, 26, 0, 0, 0),
(5972, 87, 27, 2, 0, 0),
(5973, 87, 28, 0, 1, 0),
(5974, 87, 29, 0, 1, 0),
(5975, 87, 30, 0, 2, 0),
(5976, 87, 31, 2, 2, 0),
(5977, 87, 32, 0, 2, 0),
(5978, 87, 33, 0, 1, 0),
(5979, 87, 34, 0, 0, 0),
(5980, 87, 35, 2, 2, 0),
(5981, 87, 36, 3, 0, 0),
(5982, 87, 37, 2, 12, 0),
(5983, 87, 38, 1, 8, 0),
(5984, 87, 39, 7, 4, 0),
(5985, 87, 40, 10, 17, 0),
(5986, 87, 41, 13, 20, 0),
(5987, 87, 42, 22, 3, 0),
(5988, 87, 43, 15, 21, 0),
(5989, 87, 44, 19, 16, 0),
(5990, 87, 45, 22, 13, 0),
(5991, 87, 46, 7, 2, 0),
(5992, 87, 47, 10, 1, 0),
(5993, 87, 48, 19, 21, 0),
(5994, 87, 49, 22, 7, 0),
(5995, 87, 50, 21, 10, 0),
(5996, 87, 51, 7, 21, 0),
(5997, 87, 52, 21, 0, 0),
(5998, 87, 53, 103, 0, 0),
(5999, 88, 1, 0, 1, 0),
(6000, 88, 2, 0, 0, 0),
(6001, 88, 3, 1, 0, 0),
(6002, 88, 4, 2, 0, 0),
(6003, 88, 5, 2, 1, 0),
(6004, 88, 6, 1, 0, 0),
(6005, 88, 7, 1, 0, 0),
(6006, 88, 8, 0, 1, 0),
(6007, 88, 9, 1, 0, 0),
(6008, 88, 10, 1, 0, 0),
(6009, 88, 11, 0, 1, 0),
(6010, 88, 12, 1, 1, 0),
(6011, 88, 13, 0, 1, 0),
(6012, 88, 14, 1, 0, 0),
(6013, 88, 15, 1, 0, 0),
(6014, 88, 16, 1, 0, 0),
(6015, 88, 17, 1, 3, 0),
(6016, 88, 18, 2, 0, 0),
(6017, 88, 19, 1, 0, 0),
(6018, 88, 20, 1, 0, 0),
(6019, 88, 21, 1, 0, 0),
(6020, 88, 22, 0, 1, 0),
(6021, 88, 23, 1, 1, 0),
(6022, 88, 24, 1, 0, 0),
(6023, 88, 25, 1, 0, 0),
(6024, 88, 26, 1, 0, 0),
(6025, 88, 27, 0, 0, 0),
(6026, 88, 28, 0, 3, 0),
(6027, 88, 29, 0, 1, 0),
(6028, 88, 30, 0, 2, 0),
(6029, 88, 31, 1, 0, 0),
(6030, 88, 32, 0, 1, 0),
(6031, 88, 33, 0, 1, 0),
(6032, 88, 34, 0, 1, 0),
(6033, 88, 35, 1, 0, 0),
(6034, 88, 36, 1, 0, 0),
(6035, 88, 37, 2, 12, 0),
(6036, 88, 38, 4, 5, 0),
(6037, 88, 39, 7, 1, 0),
(6038, 88, 40, 10, 21, 0),
(6039, 88, 41, 13, 17, 0),
(6040, 88, 42, 24, 8, 0),
(6041, 88, 43, 15, 22, 0),
(6042, 88, 44, 19, 9, 0),
(6043, 88, 45, 24, 13, 0),
(6044, 88, 46, 7, 2, 0),
(6045, 88, 47, 21, 5, 0),
(6046, 88, 48, 19, 22, 0),
(6047, 88, 49, 24, 7, 0),
(6048, 88, 50, 22, 21, 0),
(6049, 88, 51, 24, 22, 0),
(6050, 88, 52, 22, 0, 0),
(6051, 88, 53, 88, 0, 0),
(6052, 89, 1, 1, 2, 0),
(6053, 89, 2, 2, 1, 0),
(6054, 89, 3, 1, 1, 0),
(6055, 89, 4, 2, 1, 0),
(6056, 89, 5, 2, 1, 0),
(6057, 89, 6, 2, 1, 0),
(6058, 89, 7, 1, 1, 0),
(6059, 89, 8, 1, 2, 0),
(6060, 89, 9, 2, 1, 0),
(6061, 89, 10, 2, 1, 0),
(6062, 89, 11, 1, 2, 0),
(6063, 89, 12, 1, 2, 0),
(6064, 89, 13, 1, 1, 0),
(6065, 89, 14, 1, 1, 0),
(6066, 89, 15, 2, 2, 0),
(6067, 89, 16, 2, 1, 0),
(6068, 89, 17, 1, 2, 0),
(6069, 89, 18, 2, 1, 0),
(6070, 89, 19, 2, 0, 0),
(6071, 89, 20, 1, 2, 0),
(6072, 89, 21, 2, 0, 0),
(6073, 89, 22, 0, 2, 0),
(6074, 89, 23, 2, 2, 0),
(6075, 89, 24, 2, 1, 0),
(6076, 89, 25, 1, 0, 0),
(6077, 89, 26, 1, 2, 0),
(6078, 89, 27, 1, 1, 0),
(6079, 89, 28, 1, 2, 0),
(6080, 89, 29, 2, 1, 0),
(6081, 89, 30, 1, 2, 0),
(6082, 89, 31, 2, 1, 0),
(6083, 89, 32, 1, 2, 0),
(6084, 89, 33, 1, 2, 0),
(6085, 89, 34, 2, 1, 0),
(6086, 89, 35, 2, 2, 0),
(6087, 89, 36, 3, 0, 0),
(6088, 89, 37, 2, 9, 0),
(6089, 89, 38, 3, 8, 0),
(6090, 89, 39, 7, 22, 0),
(6091, 89, 40, 10, 23, 0),
(6092, 89, 41, 13, 17, 0),
(6093, 89, 42, 21, 6, 0),
(6094, 89, 43, 15, 24, 0),
(6095, 89, 44, 19, 16, 0),
(6096, 89, 45, 21, 13, 0),
(6097, 89, 46, 7, 2, 0),
(6098, 89, 47, 10, 8, 0),
(6099, 89, 48, 19, 15, 0),
(6100, 89, 49, 21, 7, 0),
(6101, 89, 50, 15, 8, 0),
(6102, 89, 51, 7, 15, 0),
(6103, 89, 52, 7, 0, 0),
(6104, 89, 53, 120, 0, 0),
(6105, 90, 1, 1, 3, 0),
(6106, 90, 2, 0, 1, 0),
(6107, 90, 3, 2, 0, 0),
(6108, 90, 4, 1, 0, 0),
(6109, 90, 5, 1, 0, 0),
(6110, 90, 6, 1, 0, 0),
(6111, 90, 7, 1, 1, 0),
(6112, 90, 8, 0, 1, 0),
(6113, 90, 9, 1, 0, 0),
(6114, 90, 10, 1, 0, 0),
(6115, 90, 11, 0, 3, 0),
(6116, 90, 12, 2, 1, 0),
(6117, 90, 13, 0, 1, 0),
(6118, 90, 14, 2, 0, 0),
(6119, 90, 15, 1, 0, 0),
(6120, 90, 16, 1, 0, 0),
(6121, 90, 17, 2, 2, 0),
(6122, 90, 18, 1, 0, 0),
(6123, 90, 19, 0, 0, 0),
(6124, 90, 20, 1, 0, 0),
(6125, 90, 21, 1, 0, 0),
(6126, 90, 22, 0, 3, 0),
(6127, 90, 23, 1, 1, 0),
(6128, 90, 24, 2, 1, 0),
(6129, 90, 25, 3, 1, 0),
(6130, 90, 26, 1, 1, 0),
(6131, 90, 27, 1, 1, 0),
(6132, 90, 28, 0, 1, 0),
(6133, 90, 29, 0, 1, 0),
(6134, 90, 30, 0, 2, 0),
(6135, 90, 31, 1, 0, 0),
(6136, 90, 32, 0, 1, 0),
(6137, 90, 33, 0, 1, 0),
(6138, 90, 34, 0, 1, 0),
(6139, 90, 35, 1, 1, 0),
(6140, 90, 36, 3, 0, 0),
(6141, 90, 37, 2, 12, 0),
(6142, 90, 38, 4, 5, 0),
(6143, 90, 39, 7, 1, 0),
(6144, 90, 40, 10, 22, 0),
(6145, 90, 41, 13, 17, 0),
(6146, 90, 42, 21, 9, 0),
(6147, 90, 43, 15, 24, 0),
(6148, 90, 44, 19, 14, 0),
(6149, 90, 45, 21, 13, 0),
(6150, 90, 46, 7, 2, 0),
(6151, 90, 47, 22, 4, 0),
(6152, 90, 48, 19, 15, 0),
(6153, 90, 49, 21, 2, 0),
(6154, 90, 50, 15, 22, 0),
(6155, 90, 51, 21, 15, 0),
(6156, 90, 52, 21, 0, 0),
(6157, 90, 53, 110, 0, 0),
(6158, 91, 1, 0, 2, 0),
(6159, 91, 2, 1, 1, 0),
(6160, 91, 3, 3, 0, 0),
(6161, 91, 4, 1, 1, 0),
(6162, 91, 5, 2, 1, 0),
(6163, 91, 6, 4, 0, 0),
(6164, 91, 7, 1, 1, 0),
(6165, 91, 8, 1, 0, 0),
(6166, 91, 9, 3, 0, 0),
(6167, 91, 10, 2, 1, 0),
(6168, 91, 11, 0, 3, 0),
(6169, 91, 12, 3, 1, 0),
(6170, 91, 13, 1, 3, 0),
(6171, 91, 14, 0, 2, 0),
(6172, 91, 15, 2, 1, 0),
(6173, 91, 16, 3, 0, 0),
(6174, 91, 17, 1, 1, 0),
(6175, 91, 18, 2, 1, 0),
(6176, 91, 19, 1, 1, 0),
(6177, 91, 20, 2, 0, 0),
(6178, 91, 21, 3, 1, 0),
(6179, 91, 22, 0, 4, 0),
(6180, 91, 23, 1, 1, 0),
(6181, 91, 24, 2, 2, 0),
(6182, 91, 25, 2, 2, 0),
(6183, 91, 26, 2, 1, 0),
(6184, 91, 27, 2, 2, 0),
(6185, 91, 28, 0, 3, 0),
(6186, 91, 29, 1, 1, 0),
(6187, 91, 30, 0, 3, 0),
(6188, 91, 31, 2, 1, 0),
(6189, 91, 32, 1, 2, 0),
(6190, 91, 33, 1, 3, 0),
(6191, 91, 34, 0, 4, 0),
(6192, 91, 35, 1, 3, 0),
(6193, 91, 36, 3, 0, 0),
(6194, 91, 37, 2, 12, 0),
(6195, 91, 38, 3, 7, 0),
(6196, 91, 39, 5, 4, 0),
(6197, 91, 40, 10, 22, 0),
(6198, 91, 41, 13, 19, 0),
(6199, 91, 42, 21, 9, 0),
(6200, 91, 43, 15, 24, 0),
(6201, 91, 44, 17, 8, 0),
(6202, 91, 45, 21, 19, 0),
(6203, 91, 46, 5, 2, 0),
(6204, 91, 47, 22, 7, 0),
(6205, 91, 48, 17, 15, 0),
(6206, 91, 49, 21, 2, 0),
(6207, 91, 50, 17, 22, 0),
(6208, 91, 51, 21, 22, 0),
(6209, 91, 52, 21, 0, 0),
(6210, 91, 53, 180, 0, 0),
(6211, 92, 1, 2, 1, 0),
(6212, 92, 2, 1, 1, 0),
(6213, 92, 3, 2, 0, 0),
(6214, 92, 4, 3, 0, 0),
(6215, 92, 5, 1, 2, 0),
(6216, 92, 6, 1, 1, 0),
(6217, 92, 7, 2, 0, 0),
(6218, 92, 8, 1, 3, 0),
(6219, 92, 9, 2, 0, 0),
(6220, 92, 10, 1, 2, 0),
(6221, 92, 11, 1, 2, 0),
(6222, 92, 12, 2, 2, 0),
(6223, 92, 13, 0, 2, 0),
(6224, 92, 14, 1, 1, 0),
(6225, 92, 15, 1, 1, 0),
(6226, 92, 16, 1, 0, 0),
(6227, 92, 17, 1, 2, 0),
(6228, 92, 18, 2, 1, 0),
(6229, 92, 19, 2, 0, 0),
(6230, 92, 20, 2, 1, 0),
(6231, 92, 21, 3, 0, 0),
(6232, 92, 22, 0, 3, 0),
(6233, 92, 23, 1, 2, 0),
(6234, 92, 24, 0, 2, 0),
(6235, 92, 25, 2, 1, 0),
(6236, 92, 26, 1, 2, 0),
(6237, 92, 27, 1, 2, 0),
(6238, 92, 28, 0, 3, 0),
(6239, 92, 29, 2, 1, 0),
(6240, 92, 30, 0, 3, 0),
(6241, 92, 31, 2, 0, 0),
(6242, 92, 32, 1, 2, 0),
(6243, 92, 33, 2, 2, 0),
(6244, 92, 34, 1, 1, 0),
(6245, 92, 35, 0, 2, 0),
(6246, 92, 36, 3, 0, 0),
(6247, 92, 37, 2, 10, 0),
(6248, 92, 38, 1, 7, 0),
(6249, 92, 39, 5, 24, 0),
(6250, 92, 40, 9, 17, 0),
(6251, 92, 41, 15, 20, 0),
(6252, 92, 42, 21, 8, 0),
(6253, 92, 43, 13, 22, 0),
(6254, 92, 44, 19, 14, 0),
(6255, 92, 45, 21, 15, 0),
(6256, 92, 46, 24, 10, 0),
(6257, 92, 47, 17, 7, 0),
(6258, 92, 48, 19, 22, 0),
(6259, 92, 49, 21, 10, 0),
(6260, 92, 50, 22, 7, 0),
(6261, 92, 51, 21, 7, 0),
(6262, 92, 52, 7, 0, 0),
(6263, 92, 53, 178, 0, 0);

-- --------------------------------------------------------

--
-- Tabelstructuur voor tabel `games`
--

CREATE TABLE `games` (
  `id` int(11) NOT NULL,
  `sessionid` varchar(50) NOT NULL,
  `hteam` int(11) DEFAULT NULL,
  `ateam` int(11) DEFAULT NULL,
  `hscore` tinyint(4) DEFAULT NULL,
  `ascore` tinyint(4) DEFAULT NULL,
  `groep` tinyint(11) NOT NULL
) ENGINE=InnoDB DEFAULT CHARSET=utf8;

--
-- Gegevens worden geëxporteerd voor tabel `games`
--

INSERT INTO `games` (`id`, `sessionid`, `hteam`, `ateam`, `hscore`, `ascore`, `groep`) VALUES
(3579, '0c5ade952525bc171de1d4b8d144aba4', 3, 4, 1, 1, 1),
(3580, '0c5ade952525bc171de1d4b8d144aba4', 1, 3, 1, 1, 1),
(3581, '0c5ade952525bc171de1d4b8d144aba4', 4, 2, 1, 1, 1),
(3582, '8f4caa8d9c643aba0ef291ee6e4443d7', 1, 2, 2, 1, 1),
(3583, '8f4caa8d9c643aba0ef291ee6e4443d7', 3, 4, 1, 2, 1),
(3584, '8f4caa8d9c643aba0ef291ee6e4443d7', 5, 6, 2, 1, 2),
(3585, '8f4caa8d9c643aba0ef291ee6e4443d7', 7, 8, 2, 2, 2),
(3586, '8f4caa8d9c643aba0ef291ee6e4443d7', 9, 10, 2, 1, 3),
(3587, '8f4caa8d9c643aba0ef291ee6e4443d7', 13, 14, 2, 1, 4),
(3588, '8f4caa8d9c643aba0ef291ee6e4443d7', 11, 12, 0, 1, 3),
(3589, '8f4caa8d9c643aba0ef291ee6e4443d7', 15, 16, 3, 1, 4),
(3590, '8f4caa8d9c643aba0ef291ee6e4443d7', 17, 18, 1, 2, 5),
(3591, '8f4caa8d9c643aba0ef291ee6e4443d7', 21, 22, 3, 1, 6),
(3592, '8f4caa8d9c643aba0ef291ee6e4443d7', 19, 20, 2, 1, 5),
(3593, '8f4caa8d9c643aba0ef291ee6e4443d7', 23, 24, 2, 0, 6),
(3594, '8f4caa8d9c643aba0ef291ee6e4443d7', 25, 26, 4, 0, 7),
(3595, '8f4caa8d9c643aba0ef291ee6e4443d7', 27, 28, 0, 2, 7),
(3596, '8f4caa8d9c643aba0ef291ee6e4443d7', 29, 30, 1, 1, 8),
(3597, '8f4caa8d9c643aba0ef291ee6e4443d7', 31, 32, 2, 1, 8),
(3598, '8f4caa8d9c643aba0ef291ee6e4443d7', 1, 3, 2, 1, 1),
(3599, '8f4caa8d9c643aba0ef291ee6e4443d7', 7, 5, 3, 1, 2),
(3600, '8f4caa8d9c643aba0ef291ee6e4443d7', 4, 2, 2, 0, 1),
(3601, '8f4caa8d9c643aba0ef291ee6e4443d7', 6, 8, 0, 4, 2),
(3602, '8f4caa8d9c643aba0ef291ee6e4443d7', 9, 11, 2, 0, 3),
(3603, '8f4caa8d9c643aba0ef291ee6e4443d7', 12, 10, 2, 1, 3),
(3604, '8f4caa8d9c643aba0ef291ee6e4443d7', 13, 15, 1, 1, 4),
(3605, '8f4caa8d9c643aba0ef291ee6e4443d7', 19, 17, 3, 0, 5),
(3606, '8f4caa8d9c643aba0ef291ee6e4443d7', 16, 14, 1, 2, 4),
(3607, '8f4caa8d9c643aba0ef291ee6e4443d7', 18, 20, 1, 2, 5),
(3608, '8f4caa8d9c643aba0ef291ee6e4443d7', 25, 27, 3, 1, 7),
(3609, '8f4caa8d9c643aba0ef291ee6e4443d7', 21, 23, 2, 1, 6),
(3610, '8f4caa8d9c643aba0ef291ee6e4443d7', 24, 22, 1, 2, 6),
(3611, '8f4caa8d9c643aba0ef291ee6e4443d7', 28, 26, 3, 0, 7),
(3612, '8f4caa8d9c643aba0ef291ee6e4443d7', 32, 30, 1, 2, 8),
(3613, '8f4caa8d9c643aba0ef291ee6e4443d7', 29, 31, 2, 2, 8),
(3614, '8f4caa8d9c643aba0ef291ee6e4443d7', 4, 1, 1, 1, 1),
(3615, '8f4caa8d9c643aba0ef291ee6e4443d7', 2, 3, 0, 1, 1),
(3616, '8f4caa8d9c643aba0ef291ee6e4443d7', 6, 7, 0, 3, 2),
(3617, '8f4caa8d9c643aba0ef291ee6e4443d7', 8, 5, 3, 0, 2),
(3618, '8f4caa8d9c643aba0ef291ee6e4443d7', 12, 9, 1, 2, 3),
(3619, '8f4caa8d9c643aba0ef291ee6e4443d7', 10, 11, 2, 1, 3),
(3620, '8f4caa8d9c643aba0ef291ee6e4443d7', 16, 13, 0, 2, 4),
(3621, '8f4caa8d9c643aba0ef291ee6e4443d7', 14, 15, 0, 2, 4),
(3622, '8f4caa8d9c643aba0ef291ee6e4443d7', 24, 21, 0, 3, 6),
(3623, '8f4caa8d9c643aba0ef291ee6e4443d7', 22, 23, 1, 1, 6),
(3624, '8f4caa8d9c643aba0ef291ee6e4443d7', 18, 19, 0, 2, 5),
(3625, '8f4caa8d9c643aba0ef291ee6e4443d7', 20, 17, 3, 0, 5),
(3626, '8f4caa8d9c643aba0ef291ee6e4443d7', 32, 29, 0, 2, 8),
(3627, '8f4caa8d9c643aba0ef291ee6e4443d7', 30, 31, 1, 2, 8),
(3628, '8f4caa8d9c643aba0ef291ee6e4443d7', 28, 25, 1, 2, 7),
(3629, '8f4caa8d9c643aba0ef291ee6e4443d7', 26, 27, 1, 2, 7),
(3630, '273c597720a0ce18b5603eb0c51f99af', 1, 2, 1, 0, 1),
(3631, '273c597720a0ce18b5603eb0c51f99af', 3, 4, 1, 1, 1),
(3632, '273c597720a0ce18b5603eb0c51f99af', 5, 6, 1, 1, 2),
(3633, '273c597720a0ce18b5603eb0c51f99af', 7, 8, 2, 2, 2),
(3634, '273c597720a0ce18b5603eb0c51f99af', 9, 10, 2, 0, 3),
(3635, '273c597720a0ce18b5603eb0c51f99af', 13, 14, 3, 0, 4),
(3636, '273c597720a0ce18b5603eb0c51f99af', 11, 12, 0, 2, 3),
(3637, '273c597720a0ce18b5603eb0c51f99af', 15, 16, 2, 1, 4),
(3638, '273c597720a0ce18b5603eb0c51f99af', 17, 18, 0, 1, 5),
(3639, '273c597720a0ce18b5603eb0c51f99af', 21, 22, 3, 1, 6),
(3640, '273c597720a0ce18b5603eb0c51f99af', 19, 20, 2, 0, 5),
(3641, '273c597720a0ce18b5603eb0c51f99af', 23, 24, 2, 0, 6),
(3642, '273c597720a0ce18b5603eb0c51f99af', 25, 26, 3, 0, 7),
(3643, '273c597720a0ce18b5603eb0c51f99af', 27, 28, 0, 2, 7),
(3644, '273c597720a0ce18b5603eb0c51f99af', 29, 30, 2, 1, 8),
(3645, '273c597720a0ce18b5603eb0c51f99af', 31, 32, 2, 2, 8),
(3646, '273c597720a0ce18b5603eb0c51f99af', 1, 3, 2, 1, 1),
(3647, '273c597720a0ce18b5603eb0c51f99af', 7, 5, 2, 0, 2),
(3648, '273c597720a0ce18b5603eb0c51f99af', 4, 2, 2, 1, 1),
(3649, '273c597720a0ce18b5603eb0c51f99af', 6, 8, 0, 3, 2),
(3650, '273c597720a0ce18b5603eb0c51f99af', 9, 11, 2, 0, 3),
(3651, '273c597720a0ce18b5603eb0c51f99af', 12, 10, 1, 1, 3),
(3652, '273c597720a0ce18b5603eb0c51f99af', 13, 15, 2, 1, 4),
(3653, '273c597720a0ce18b5603eb0c51f99af', 19, 17, 3, 0, 5),
(3654, '273c597720a0ce18b5603eb0c51f99af', 16, 14, 1, 1, 4),
(3655, '273c597720a0ce18b5603eb0c51f99af', 18, 20, 2, 2, 5),
(3656, '273c597720a0ce18b5603eb0c51f99af', 25, 27, 2, 0, 7),
(3657, '273c597720a0ce18b5603eb0c51f99af', 21, 23, 2, 1, 6),
(3658, '273c597720a0ce18b5603eb0c51f99af', 24, 22, 1, 2, 6),
(3659, '273c597720a0ce18b5603eb0c51f99af', 28, 26, 3, 0, 7),
(3660, '273c597720a0ce18b5603eb0c51f99af', 32, 30, 0, 0, 8),
(3661, '273c597720a0ce18b5603eb0c51f99af', 29, 31, 1, 1, 8),
(3662, '273c597720a0ce18b5603eb0c51f99af', 4, 1, 1, 1, 1),
(3663, '273c597720a0ce18b5603eb0c51f99af', 2, 3, 1, 2, 1),
(3664, '273c597720a0ce18b5603eb0c51f99af', 6, 7, 1, 3, 2),
(3665, '273c597720a0ce18b5603eb0c51f99af', 8, 5, 3, 0, 2),
(3666, '273c597720a0ce18b5603eb0c51f99af', 12, 9, 1, 3, 3),
(3667, '273c597720a0ce18b5603eb0c51f99af', 10, 11, 2, 1, 3),
(3668, '273c597720a0ce18b5603eb0c51f99af', 16, 13, 1, 2, 4),
(3669, '273c597720a0ce18b5603eb0c51f99af', 14, 15, 1, 2, 4),
(3670, '273c597720a0ce18b5603eb0c51f99af', 24, 21, 0, 3, 6),
(3671, '273c597720a0ce18b5603eb0c51f99af', 22, 23, 1, 1, 6),
(3672, '273c597720a0ce18b5603eb0c51f99af', 18, 19, 1, 2, 5),
(3673, '273c597720a0ce18b5603eb0c51f99af', 20, 17, 2, 1, 5),
(3674, '273c597720a0ce18b5603eb0c51f99af', 32, 29, 1, 2, 8),
(3675, '273c597720a0ce18b5603eb0c51f99af', 30, 31, 1, 1, 8),
(3676, '273c597720a0ce18b5603eb0c51f99af', 28, 25, 1, 1, 7),
(3677, '273c597720a0ce18b5603eb0c51f99af', 26, 27, 1, 1, 7),
(3708, 'a8bf7c6e4cd99eb7307cdb951570dae9', 1, 2, 1, 0, 1),
(3709, 'a8bf7c6e4cd99eb7307cdb951570dae9', 3, 4, 0, 1, 1),
(3710, 'a8bf7c6e4cd99eb7307cdb951570dae9', 5, 6, 0, 0, 2),
(3711, 'a8bf7c6e4cd99eb7307cdb951570dae9', 7, 8, 0, 1, 2),
(3712, 'a8bf7c6e4cd99eb7307cdb951570dae9', 9, 10, 4, 0, 3),
(3713, 'a8bf7c6e4cd99eb7307cdb951570dae9', 13, 14, 1, 0, 4),
(3714, 'a8bf7c6e4cd99eb7307cdb951570dae9', 11, 12, 0, 1, 3),
(3715, 'a8bf7c6e4cd99eb7307cdb951570dae9', 15, 16, 2, 1, 4),
(3716, 'a8bf7c6e4cd99eb7307cdb951570dae9', 17, 18, 0, 0, 5),
(3717, 'a8bf7c6e4cd99eb7307cdb951570dae9', 21, 22, 1, 0, 6),
(3718, 'a8bf7c6e4cd99eb7307cdb951570dae9', 19, 20, 2, 0, 5),
(3719, 'a8bf7c6e4cd99eb7307cdb951570dae9', 23, 24, 1, 1, 6),
(3720, 'a8bf7c6e4cd99eb7307cdb951570dae9', 25, 26, 3, 0, 7),
(3721, 'a8bf7c6e4cd99eb7307cdb951570dae9', 27, 28, 0, 1, 7),
(3722, 'a8bf7c6e4cd99eb7307cdb951570dae9', 29, 30, 0, 0, 8),
(3723, 'a8bf7c6e4cd99eb7307cdb951570dae9', 31, 32, 1, 0, 8),
(3724, 'a8bf7c6e4cd99eb7307cdb951570dae9', 1, 3, 1, 1, 1),
(3725, 'a8bf7c6e4cd99eb7307cdb951570dae9', 7, 5, 1, 0, 2),
(3726, 'a8bf7c6e4cd99eb7307cdb951570dae9', 4, 2, 3, 0, 1),
(3727, 'a8bf7c6e4cd99eb7307cdb951570dae9', 6, 8, 0, 2, 2),
(3728, 'a8bf7c6e4cd99eb7307cdb951570dae9', 9, 11, 2, 0, 3),
(3729, 'a8bf7c6e4cd99eb7307cdb951570dae9', 12, 10, 2, 0, 3),
(3730, 'a8bf7c6e4cd99eb7307cdb951570dae9', 13, 15, 1, 1, 4),
(3731, 'a8bf7c6e4cd99eb7307cdb951570dae9', 19, 17, 1, 0, 5),
(3732, 'a8bf7c6e4cd99eb7307cdb951570dae9', 16, 14, 0, 0, 4),
(3733, 'a8bf7c6e4cd99eb7307cdb951570dae9', 18, 20, 1, 0, 5),
(3734, 'a8bf7c6e4cd99eb7307cdb951570dae9', 25, 27, 1, 0, 7),
(3735, 'a8bf7c6e4cd99eb7307cdb951570dae9', 21, 23, 2, 0, 6),
(3736, 'a8bf7c6e4cd99eb7307cdb951570dae9', 24, 22, 0, 1, 6),
(3737, 'a8bf7c6e4cd99eb7307cdb951570dae9', 28, 26, 3, 0, 7),
(3738, 'a8bf7c6e4cd99eb7307cdb951570dae9', 32, 30, 1, 0, 8),
(3739, 'a8bf7c6e4cd99eb7307cdb951570dae9', 29, 31, 0, 1, 8),
(3740, 'a8bf7c6e4cd99eb7307cdb951570dae9', 4, 1, 1, 1, 1),
(3741, 'a8bf7c6e4cd99eb7307cdb951570dae9', 2, 3, 0, 1, 1),
(3742, 'a8bf7c6e4cd99eb7307cdb951570dae9', 6, 7, 0, 1, 2),
(3743, 'a8bf7c6e4cd99eb7307cdb951570dae9', 8, 5, 2, 0, 2),
(3744, 'a8bf7c6e4cd99eb7307cdb951570dae9', 12, 9, 1, 3, 3),
(3745, 'a8bf7c6e4cd99eb7307cdb951570dae9', 10, 11, 0, 1, 3),
(3746, 'a8bf7c6e4cd99eb7307cdb951570dae9', 16, 13, 2, 3, 4),
(3747, 'a8bf7c6e4cd99eb7307cdb951570dae9', 14, 15, 0, 1, 4),
(3748, 'a8bf7c6e4cd99eb7307cdb951570dae9', 24, 21, 0, 1, 6),
(3749, 'a8bf7c6e4cd99eb7307cdb951570dae9', 22, 23, 1, 0, 6),
(3750, 'a8bf7c6e4cd99eb7307cdb951570dae9', 18, 19, 0, 1, 5),
(3751, 'a8bf7c6e4cd99eb7307cdb951570dae9', 20, 17, 1, 1, 5),
(3752, 'a8bf7c6e4cd99eb7307cdb951570dae9', 32, 29, 1, 1, 8),
(3753, 'a8bf7c6e4cd99eb7307cdb951570dae9', 30, 31, 0, 1, 8),
(3754, 'a8bf7c6e4cd99eb7307cdb951570dae9', 28, 25, 1, 1, 7),
(3755, 'a8bf7c6e4cd99eb7307cdb951570dae9', 26, 27, 0, 1, 7),
(3991, '1ca7341ea1db47eb501f0d840de0ad28', 1, 2, 3, 0, 1),
(3992, '1ca7341ea1db47eb501f0d840de0ad28', 3, 4, 0, 2, 1),
(3993, '1ca7341ea1db47eb501f0d840de0ad28', 5, 6, 1, 2, 2),
(3994, '1ca7341ea1db47eb501f0d840de0ad28', 7, 8, 2, 2, 2),
(3995, '1ca7341ea1db47eb501f0d840de0ad28', 9, 10, 1, 0, 3),
(3996, '1ca7341ea1db47eb501f0d840de0ad28', 13, 14, 3, 1, 4),
(3997, '1ca7341ea1db47eb501f0d840de0ad28', 11, 12, 1, 3, 3),
(3998, '1ca7341ea1db47eb501f0d840de0ad28', 15, 16, 2, 1, 4),
(3999, '1ca7341ea1db47eb501f0d840de0ad28', 17, 18, 1, 2, 5),
(4000, '1ca7341ea1db47eb501f0d840de0ad28', 21, 22, 3, 1, 6),
(4001, '1ca7341ea1db47eb501f0d840de0ad28', 19, 20, 2, 1, 5),
(4002, '1ca7341ea1db47eb501f0d840de0ad28', 25, 26, 4, 1, 7),
(4003, '1ca7341ea1db47eb501f0d840de0ad28', 27, 28, 1, 2, 7),
(4004, '1ca7341ea1db47eb501f0d840de0ad28', 29, 30, 2, 1, 8),
(4005, '1ca7341ea1db47eb501f0d840de0ad28', 31, 32, 2, 0, 8),
(4006, '1ca7341ea1db47eb501f0d840de0ad28', 1, 3, 3, 1, 1),
(4007, '1ca7341ea1db47eb501f0d840de0ad28', 7, 5, 2, 1, 2),
(4008, '1ca7341ea1db47eb501f0d840de0ad28', 4, 2, 2, 0, 1),
(4009, '1ca7341ea1db47eb501f0d840de0ad28', 6, 8, 1, 2, 2),
(4010, '1ca7341ea1db47eb501f0d840de0ad28', 9, 11, 3, 1, 3),
(4011, '1ca7341ea1db47eb501f0d840de0ad28', 12, 10, 3, 1, 3),
(4012, '1ca7341ea1db47eb501f0d840de0ad28', 13, 15, 2, 2, 4),
(4013, '1ca7341ea1db47eb501f0d840de0ad28', 19, 17, 1, 1, 5),
(4014, '1ca7341ea1db47eb501f0d840de0ad28', 16, 14, 1, 1, 4),
(4015, '1ca7341ea1db47eb501f0d840de0ad28', 18, 20, 1, 1, 5),
(4016, '1ca7341ea1db47eb501f0d840de0ad28', 25, 27, 3, 1, 7),
(4017, '1ca7341ea1db47eb501f0d840de0ad28', 21, 23, 2, 2, 6),
(4018, '1ca7341ea1db47eb501f0d840de0ad28', 24, 22, 0, 2, 6),
(4019, '1ca7341ea1db47eb501f0d840de0ad28', 28, 26, 2, 0, 7),
(4020, '1ca7341ea1db47eb501f0d840de0ad28', 32, 30, 1, 2, 8),
(4021, '1ca7341ea1db47eb501f0d840de0ad28', 29, 31, 1, 2, 8),
(4022, '1ca7341ea1db47eb501f0d840de0ad28', 4, 1, 2, 3, 1),
(4023, '1ca7341ea1db47eb501f0d840de0ad28', 2, 3, 2, 0, 1),
(4024, '1ca7341ea1db47eb501f0d840de0ad28', 6, 7, 0, 3, 2),
(4025, '1ca7341ea1db47eb501f0d840de0ad28', 8, 5, 3, 1, 2),
(4026, '1ca7341ea1db47eb501f0d840de0ad28', 12, 9, 0, 2, 3),
(4027, '1ca7341ea1db47eb501f0d840de0ad28', 10, 11, 1, 2, 3),
(4028, '1ca7341ea1db47eb501f0d840de0ad28', 16, 13, 1, 2, 4),
(4029, '1ca7341ea1db47eb501f0d840de0ad28', 14, 15, 1, 3, 4),
(4030, '1ca7341ea1db47eb501f0d840de0ad28', 24, 21, 1, 2, 6),
(4031, '1ca7341ea1db47eb501f0d840de0ad28', 22, 23, 1, 1, 6),
(4032, '1ca7341ea1db47eb501f0d840de0ad28', 18, 19, 0, 2, 5),
(4033, '1ca7341ea1db47eb501f0d840de0ad28', 20, 17, 2, 1, 5),
(4034, '1ca7341ea1db47eb501f0d840de0ad28', 32, 29, 1, 2, 8),
(4035, '1ca7341ea1db47eb501f0d840de0ad28', 30, 31, 1, 2, 8),
(4036, '1ca7341ea1db47eb501f0d840de0ad28', 28, 25, 1, 2, 7),
(4037, '1ca7341ea1db47eb501f0d840de0ad28', 26, 27, 1, 1, 7),
(4038, 'e83e1affb73511c6f094f21fa90a338d', 1, 2, 2, 0, 1),
(4039, 'e83e1affb73511c6f094f21fa90a338d', 3, 4, 1, 1, 1),
(4040, 'e83e1affb73511c6f094f21fa90a338d', 5, 6, 2, 0, 2),
(4041, 'e83e1affb73511c6f094f21fa90a338d', 7, 8, 1, 1, 2),
(4042, 'e83e1affb73511c6f094f21fa90a338d', 9, 10, 2, 1, 3),
(4043, 'e83e1affb73511c6f094f21fa90a338d', 13, 14, 3, 1, 4),
(4044, 'e83e1affb73511c6f094f21fa90a338d', 11, 12, 0, 4, 3),
(4045, 'e83e1affb73511c6f094f21fa90a338d', 15, 16, 0, 2, 4),
(4046, 'e83e1affb73511c6f094f21fa90a338d', 17, 18, 1, 1, 5),
(4047, 'e83e1affb73511c6f094f21fa90a338d', 21, 22, 3, 2, 6),
(4048, 'e83e1affb73511c6f094f21fa90a338d', 19, 20, 4, 2, 5),
(4049, 'e83e1affb73511c6f094f21fa90a338d', 23, 24, 2, 2, 6),
(4050, 'e83e1affb73511c6f094f21fa90a338d', 25, 26, 4, 1, 7),
(4051, 'e83e1affb73511c6f094f21fa90a338d', 27, 28, 0, 1, 7),
(4052, 'e83e1affb73511c6f094f21fa90a338d', 29, 30, 2, 1, 8),
(4053, 'e83e1affb73511c6f094f21fa90a338d', 31, 32, 1, 1, 8),
(4054, 'e83e1affb73511c6f094f21fa90a338d', 1, 3, 2, 0, 1),
(4055, 'e83e1affb73511c6f094f21fa90a338d', 7, 5, 4, 3, 2),
(4056, 'e83e1affb73511c6f094f21fa90a338d', 4, 2, 1, 1, 1),
(4057, 'e83e1affb73511c6f094f21fa90a338d', 6, 8, 2, 0, 2),
(4058, 'e83e1affb73511c6f094f21fa90a338d', 9, 11, 4, 0, 3),
(4059, 'e83e1affb73511c6f094f21fa90a338d', 12, 10, 2, 2, 3),
(4060, 'e83e1affb73511c6f094f21fa90a338d', 13, 15, 2, 2, 4),
(4061, 'e83e1affb73511c6f094f21fa90a338d', 19, 17, 2, 1, 5),
(4062, 'e83e1affb73511c6f094f21fa90a338d', 16, 14, 0, 1, 4),
(4063, 'e83e1affb73511c6f094f21fa90a338d', 18, 20, 1, 1, 5),
(4064, 'e83e1affb73511c6f094f21fa90a338d', 25, 27, 1, 1, 7),
(4065, 'e83e1affb73511c6f094f21fa90a338d', 21, 23, 1, 0, 6),
(4066, 'e83e1affb73511c6f094f21fa90a338d', 24, 22, 0, 3, 6),
(4067, 'e83e1affb73511c6f094f21fa90a338d', 28, 26, 3, 1, 7),
(4068, 'e83e1affb73511c6f094f21fa90a338d', 32, 30, 0, 3, 8),
(4069, 'e83e1affb73511c6f094f21fa90a338d', 29, 31, 2, 2, 8),
(4070, 'e83e1affb73511c6f094f21fa90a338d', 4, 1, 2, 1, 1),
(4071, 'e83e1affb73511c6f094f21fa90a338d', 2, 3, 3, 1, 1),
(4072, 'e83e1affb73511c6f094f21fa90a338d', 6, 7, 0, 2, 2),
(4073, 'e83e1affb73511c6f094f21fa90a338d', 8, 5, 3, 1, 2),
(4074, 'e83e1affb73511c6f094f21fa90a338d', 12, 9, 1, 3, 3),
(4075, 'e83e1affb73511c6f094f21fa90a338d', 10, 11, 0, 0, 3),
(4076, 'e83e1affb73511c6f094f21fa90a338d', 16, 13, 0, 3, 4),
(4077, 'e83e1affb73511c6f094f21fa90a338d', 14, 15, 1, 1, 4),
(4078, 'e83e1affb73511c6f094f21fa90a338d', 24, 21, 3, 1, 6),
(4079, 'e83e1affb73511c6f094f21fa90a338d', 22, 23, 1, 1, 6),
(4080, 'e83e1affb73511c6f094f21fa90a338d', 18, 19, 1, 2, 5),
(4081, 'e83e1affb73511c6f094f21fa90a338d', 20, 17, 0, 0, 5),
(4082, 'e83e1affb73511c6f094f21fa90a338d', 32, 29, 0, 1, 8),
(4083, 'e83e1affb73511c6f094f21fa90a338d', 30, 31, 1, 2, 8),
(4084, 'e83e1affb73511c6f094f21fa90a338d', 28, 25, 0, 2, 7),
(4085, 'e83e1affb73511c6f094f21fa90a338d', 26, 27, 0, 4, 7),
(4086, '75a4aaa464ae5896853f8b291c08a148', 1, 2, 3, 1, 1),
(4087, '75a4aaa464ae5896853f8b291c08a148', 3, 4, 1, 2, 1),
(4088, '75a4aaa464ae5896853f8b291c08a148', 5, 6, 2, 0, 2),
(4089, '75a4aaa464ae5896853f8b291c08a148', 7, 8, 1, 2, 2),
(4090, '75a4aaa464ae5896853f8b291c08a148', 9, 10, 3, 1, 3),
(4091, '75a4aaa464ae5896853f8b291c08a148', 13, 14, 4, 1, 4),
(4092, '75a4aaa464ae5896853f8b291c08a148', 11, 12, 1, 2, 3),
(4093, '75a4aaa464ae5896853f8b291c08a148', 15, 16, 2, 1, 4),
(4094, '75a4aaa464ae5896853f8b291c08a148', 17, 18, 1, 2, 5),
(4095, '75a4aaa464ae5896853f8b291c08a148', 21, 22, 3, 1, 6),
(4096, '75a4aaa464ae5896853f8b291c08a148', 19, 20, 3, 0, 5),
(4097, '75a4aaa464ae5896853f8b291c08a148', 23, 24, 2, 0, 6),
(4098, '75a4aaa464ae5896853f8b291c08a148', 25, 26, 3, 0, 7),
(4099, '75a4aaa464ae5896853f8b291c08a148', 27, 28, 0, 3, 7),
(4100, '75a4aaa464ae5896853f8b291c08a148', 29, 30, 2, 1, 8),
(4101, '75a4aaa464ae5896853f8b291c08a148', 31, 32, 3, 1, 8),
(4102, '75a4aaa464ae5896853f8b291c08a148', 1, 3, 2, 0, 1),
(4103, '75a4aaa464ae5896853f8b291c08a148', 7, 5, 3, 0, 2),
(4104, '75a4aaa464ae5896853f8b291c08a148', 4, 2, 3, 1, 1),
(4105, '75a4aaa464ae5896853f8b291c08a148', 6, 8, 1, 3, 2),
(4106, '75a4aaa464ae5896853f8b291c08a148', 9, 11, 3, 1, 3),
(4107, '75a4aaa464ae5896853f8b291c08a148', 12, 10, 2, 1, 3),
(4108, '75a4aaa464ae5896853f8b291c08a148', 13, 15, 2, 0, 4),
(4109, '75a4aaa464ae5896853f8b291c08a148', 19, 17, 3, 1, 5),
(4110, '75a4aaa464ae5896853f8b291c08a148', 16, 14, 2, 1, 4),
(4111, '75a4aaa464ae5896853f8b291c08a148', 18, 20, 2, 2, 5),
(4112, '75a4aaa464ae5896853f8b291c08a148', 25, 27, 3, 1, 7),
(4113, '75a4aaa464ae5896853f8b291c08a148', 21, 23, 3, 1, 6),
(4114, '75a4aaa464ae5896853f8b291c08a148', 24, 22, 1, 2, 6),
(4115, '75a4aaa464ae5896853f8b291c08a148', 28, 26, 3, 1, 7),
(4116, '75a4aaa464ae5896853f8b291c08a148', 32, 30, 1, 2, 8),
(4117, '75a4aaa464ae5896853f8b291c08a148', 29, 31, 1, 3, 8),
(4118, '75a4aaa464ae5896853f8b291c08a148', 4, 1, 2, 2, 1),
(4119, '75a4aaa464ae5896853f8b291c08a148', 2, 3, 1, 2, 1),
(4120, '75a4aaa464ae5896853f8b291c08a148', 6, 7, 1, 3, 2),
(4121, '75a4aaa464ae5896853f8b291c08a148', 8, 5, 3, 1, 2),
(4122, '75a4aaa464ae5896853f8b291c08a148', 12, 9, 1, 3, 3),
(4123, '75a4aaa464ae5896853f8b291c08a148', 10, 11, 2, 1, 3),
(4124, '75a4aaa464ae5896853f8b291c08a148', 16, 13, 1, 3, 4),
(4125, '75a4aaa464ae5896853f8b291c08a148', 14, 15, 1, 2, 4),
(4126, '75a4aaa464ae5896853f8b291c08a148', 24, 21, 1, 3, 6),
(4127, '75a4aaa464ae5896853f8b291c08a148', 22, 23, 2, 1, 6),
(4128, '75a4aaa464ae5896853f8b291c08a148', 18, 19, 1, 3, 5),
(4129, '75a4aaa464ae5896853f8b291c08a148', 20, 17, 2, 1, 5),
(4130, '75a4aaa464ae5896853f8b291c08a148', 32, 29, 1, 2, 8),
(4131, '75a4aaa464ae5896853f8b291c08a148', 30, 31, 1, 2, 8),
(4132, '75a4aaa464ae5896853f8b291c08a148', 28, 25, 1, 2, 7),
(4133, '75a4aaa464ae5896853f8b291c08a148', 26, 27, 1, 2, 7),
(4134, 'a79e8567334a74ac7c0ecddf21ee9eaf', 1, 2, 2, 0, 1),
(4135, 'a79e8567334a74ac7c0ecddf21ee9eaf', 3, 4, 1, 2, 1),
(4136, 'a79e8567334a74ac7c0ecddf21ee9eaf', 5, 6, 1, 0, 2),
(4137, 'a79e8567334a74ac7c0ecddf21ee9eaf', 7, 8, 1, 2, 2),
(4138, 'a79e8567334a74ac7c0ecddf21ee9eaf', 9, 10, 3, 1, 3),
(4139, 'a79e8567334a74ac7c0ecddf21ee9eaf', 13, 14, 2, 0, 4),
(4140, 'a79e8567334a74ac7c0ecddf21ee9eaf', 11, 12, 0, 1, 3),
(4141, 'a79e8567334a74ac7c0ecddf21ee9eaf', 15, 16, 2, 1, 4),
(4142, 'a79e8567334a74ac7c0ecddf21ee9eaf', 17, 18, 0, 1, 5),
(4143, 'a79e8567334a74ac7c0ecddf21ee9eaf', 21, 22, 2, 1, 6),
(4144, 'a79e8567334a74ac7c0ecddf21ee9eaf', 19, 20, 3, 1, 5),
(4145, 'a79e8567334a74ac7c0ecddf21ee9eaf', 23, 24, 1, 0, 6),
(4146, 'a79e8567334a74ac7c0ecddf21ee9eaf', 25, 26, 4, 0, 7),
(4147, 'a79e8567334a74ac7c0ecddf21ee9eaf', 27, 28, 0, 3, 7),
(4148, 'a79e8567334a74ac7c0ecddf21ee9eaf', 29, 30, 1, 1, 8),
(4149, 'a79e8567334a74ac7c0ecddf21ee9eaf', 31, 32, 1, 0, 8),
(4150, 'a79e8567334a74ac7c0ecddf21ee9eaf', 1, 3, 1, 0, 1),
(4151, 'a79e8567334a74ac7c0ecddf21ee9eaf', 7, 5, 1, 0, 2),
(4152, 'a79e8567334a74ac7c0ecddf21ee9eaf', 4, 2, 2, 0, 1),
(4153, 'a79e8567334a74ac7c0ecddf21ee9eaf', 6, 8, 0, 3, 2),
(4154, 'a79e8567334a74ac7c0ecddf21ee9eaf', 9, 11, 2, 0, 3),
(4155, 'a79e8567334a74ac7c0ecddf21ee9eaf', 12, 10, 1, 0, 3),
(4156, 'a79e8567334a74ac7c0ecddf21ee9eaf', 13, 15, 1, 1, 4),
(4157, 'a79e8567334a74ac7c0ecddf21ee9eaf', 19, 17, 2, 0, 5),
(4158, 'a79e8567334a74ac7c0ecddf21ee9eaf', 16, 14, 0, 1, 4),
(4159, 'a79e8567334a74ac7c0ecddf21ee9eaf', 18, 20, 0, 1, 5),
(4160, 'a79e8567334a74ac7c0ecddf21ee9eaf', 25, 27, 2, 0, 7),
(4161, 'a79e8567334a74ac7c0ecddf21ee9eaf', 21, 23, 2, 0, 6),
(4162, 'a79e8567334a74ac7c0ecddf21ee9eaf', 24, 22, 0, 1, 6),
(4163, 'a79e8567334a74ac7c0ecddf21ee9eaf', 28, 26, 2, 0, 7),
(4164, 'a79e8567334a74ac7c0ecddf21ee9eaf', 32, 30, 0, 1, 8),
(4165, 'a79e8567334a74ac7c0ecddf21ee9eaf', 29, 31, 0, 1, 8),
(4166, 'a79e8567334a74ac7c0ecddf21ee9eaf', 4, 1, 1, 1, 1),
(4167, 'a79e8567334a74ac7c0ecddf21ee9eaf', 2, 3, 0, 1, 1),
(4168, 'a79e8567334a74ac7c0ecddf21ee9eaf', 6, 7, 0, 2, 2),
(4169, 'a79e8567334a74ac7c0ecddf21ee9eaf', 8, 5, 1, 0, 2),
(4170, 'a79e8567334a74ac7c0ecddf21ee9eaf', 12, 9, 1, 1, 3),
(4171, 'a79e8567334a74ac7c0ecddf21ee9eaf', 10, 11, 1, 1, 3),
(4172, 'a79e8567334a74ac7c0ecddf21ee9eaf', 16, 13, 0, 2, 4),
(4173, 'a79e8567334a74ac7c0ecddf21ee9eaf', 14, 15, 0, 2, 4),
(4174, 'a79e8567334a74ac7c0ecddf21ee9eaf', 24, 21, 0, 2, 6),
(4175, 'a79e8567334a74ac7c0ecddf21ee9eaf', 22, 23, 2, 1, 6),
(4176, 'a79e8567334a74ac7c0ecddf21ee9eaf', 18, 19, 0, 1, 5),
(4177, 'a79e8567334a74ac7c0ecddf21ee9eaf', 20, 17, 1, 0, 5),
(4178, 'a79e8567334a74ac7c0ecddf21ee9eaf', 32, 29, 0, 1, 8),
(4179, 'a79e8567334a74ac7c0ecddf21ee9eaf', 30, 31, 0, 1, 8),
(4180, 'a79e8567334a74ac7c0ecddf21ee9eaf', 28, 25, 1, 1, 7),
(4181, 'a79e8567334a74ac7c0ecddf21ee9eaf', 26, 27, 0, 1, 7),
(4266, '4d9c0e3d01a2998f8aafdae976ec5211', 1, 2, 1, 0, 1),
(4267, '4d9c0e3d01a2998f8aafdae976ec5211', 3, 4, 1, 2, 1),
(4268, '4d9c0e3d01a2998f8aafdae976ec5211', 5, 6, 0, 0, 2),
(4269, '4d9c0e3d01a2998f8aafdae976ec5211', 7, 8, 1, 1, 2),
(4270, '4d9c0e3d01a2998f8aafdae976ec5211', 9, 10, 2, 1, 3),
(4271, '4d9c0e3d01a2998f8aafdae976ec5211', 13, 14, 3, 1, 4),
(4272, '4d9c0e3d01a2998f8aafdae976ec5211', 11, 12, 0, 1, 3),
(4273, '4d9c0e3d01a2998f8aafdae976ec5211', 15, 16, 1, 1, 4),
(4274, '4d9c0e3d01a2998f8aafdae976ec5211', 17, 18, 0, 0, 5),
(4275, '4d9c0e3d01a2998f8aafdae976ec5211', 21, 22, 1, 0, 6),
(4276, '4d9c0e3d01a2998f8aafdae976ec5211', 19, 20, 3, 1, 5),
(4277, '4d9c0e3d01a2998f8aafdae976ec5211', 23, 24, 2, 1, 6),
(4278, '4d9c0e3d01a2998f8aafdae976ec5211', 25, 26, 3, 0, 7),
(4279, '4d9c0e3d01a2998f8aafdae976ec5211', 27, 28, 1, 2, 7),
(4280, '4d9c0e3d01a2998f8aafdae976ec5211', 29, 30, 1, 0, 8),
(4281, '4d9c0e3d01a2998f8aafdae976ec5211', 31, 32, 2, 0, 8),
(4282, '4d9c0e3d01a2998f8aafdae976ec5211', 1, 3, 1, 1, 1),
(4283, '4d9c0e3d01a2998f8aafdae976ec5211', 7, 5, 2, 0, 2),
(4284, '4d9c0e3d01a2998f8aafdae976ec5211', 4, 2, 3, 0, 1),
(4285, '4d9c0e3d01a2998f8aafdae976ec5211', 6, 8, 0, 2, 2),
(4286, '4d9c0e3d01a2998f8aafdae976ec5211', 9, 11, 2, 0, 3),
(4287, '4d9c0e3d01a2998f8aafdae976ec5211', 12, 10, 0, 1, 3),
(4288, '4d9c0e3d01a2998f8aafdae976ec5211', 13, 15, 1, 0, 4),
(4289, '4d9c0e3d01a2998f8aafdae976ec5211', 19, 17, 2, 1, 5),
(4290, '4d9c0e3d01a2998f8aafdae976ec5211', 16, 14, 1, 1, 4),
(4291, '4d9c0e3d01a2998f8aafdae976ec5211', 18, 20, 0, 1, 5),
(4292, '4d9c0e3d01a2998f8aafdae976ec5211', 25, 27, 2, 0, 7),
(4293, '4d9c0e3d01a2998f8aafdae976ec5211', 21, 23, 2, 0, 6),
(4294, '4d9c0e3d01a2998f8aafdae976ec5211', 24, 22, 0, 2, 6),
(4295, '4d9c0e3d01a2998f8aafdae976ec5211', 28, 26, 2, 0, 7),
(4296, '4d9c0e3d01a2998f8aafdae976ec5211', 32, 30, 1, 1, 8),
(4297, '4d9c0e3d01a2998f8aafdae976ec5211', 29, 31, 1, 1, 8),
(4298, '4d9c0e3d01a2998f8aafdae976ec5211', 4, 1, 0, 0, 1),
(4299, '4d9c0e3d01a2998f8aafdae976ec5211', 2, 3, 0, 2, 1),
(4300, '4d9c0e3d01a2998f8aafdae976ec5211', 6, 7, 0, 1, 2),
(4301, '4d9c0e3d01a2998f8aafdae976ec5211', 8, 5, 2, 0, 2),
(4302, '4d9c0e3d01a2998f8aafdae976ec5211', 12, 9, 1, 3, 3),
(4303, '4d9c0e3d01a2998f8aafdae976ec5211', 10, 11, 1, 0, 3),
(4304, '4d9c0e3d01a2998f8aafdae976ec5211', 16, 13, 2, 2, 4),
(4305, '4d9c0e3d01a2998f8aafdae976ec5211', 14, 15, 1, 1, 4),
(4306, '4d9c0e3d01a2998f8aafdae976ec5211', 24, 21, 0, 3, 6),
(4307, '4d9c0e3d01a2998f8aafdae976ec5211', 22, 23, 1, 1, 6),
(4308, '4d9c0e3d01a2998f8aafdae976ec5211', 18, 19, 0, 2, 5),
(4309, '4d9c0e3d01a2998f8aafdae976ec5211', 20, 17, 1, 1, 5),
(4310, '4d9c0e3d01a2998f8aafdae976ec5211', 32, 29, 0, 3, 8),
(4311, '4d9c0e3d01a2998f8aafdae976ec5211', 30, 31, 1, 1, 8),
(4312, '4d9c0e3d01a2998f8aafdae976ec5211', 28, 25, 2, 2, 7),
(4313, '4d9c0e3d01a2998f8aafdae976ec5211', 26, 27, 1, 2, 7),
(4338, '23cf095ea594b070f798bc50135a4ff5', 1, 2, 1, 0, 1),
(4339, '23cf095ea594b070f798bc50135a4ff5', 3, 4, 1, 1, 1),
(4340, '23cf095ea594b070f798bc50135a4ff5', 5, 6, 0, 1, 2),
(4341, '23cf095ea594b070f798bc50135a4ff5', 7, 8, 1, 2, 2),
(4342, '23cf095ea594b070f798bc50135a4ff5', 9, 10, 3, 1, 3),
(4343, '23cf095ea594b070f798bc50135a4ff5', 13, 14, 2, 1, 4),
(4344, '23cf095ea594b070f798bc50135a4ff5', 11, 12, 1, 1, 3),
(4345, '23cf095ea594b070f798bc50135a4ff5', 15, 16, 1, 1, 4),
(4346, '23cf095ea594b070f798bc50135a4ff5', 17, 18, 1, 1, 5),
(4347, '23cf095ea594b070f798bc50135a4ff5', 21, 22, 1, 0, 6),
(4348, '23cf095ea594b070f798bc50135a4ff5', 19, 20, 3, 1, 5),
(4349, '23cf095ea594b070f798bc50135a4ff5', 23, 24, 1, 0, 6),
(4350, '23cf095ea594b070f798bc50135a4ff5', 25, 26, 2, 0, 7),
(4351, '23cf095ea594b070f798bc50135a4ff5', 27, 28, 0, 2, 7),
(4352, '23cf095ea594b070f798bc50135a4ff5', 29, 30, 1, 1, 8),
(4353, '23cf095ea594b070f798bc50135a4ff5', 31, 32, 2, 0, 8),
(4354, '23cf095ea594b070f798bc50135a4ff5', 1, 3, 0, 0, 1),
(4355, '23cf095ea594b070f798bc50135a4ff5', 7, 5, 2, 0, 2),
(4356, '23cf095ea594b070f798bc50135a4ff5', 4, 2, 2, 0, 1),
(4357, '23cf095ea594b070f798bc50135a4ff5', 6, 8, 0, 3, 2),
(4358, '23cf095ea594b070f798bc50135a4ff5', 9, 11, 2, 0, 3),
(4359, '23cf095ea594b070f798bc50135a4ff5', 12, 10, 1, 1, 3),
(4360, '23cf095ea594b070f798bc50135a4ff5', 13, 15, 1, 0, 4),
(4361, '23cf095ea594b070f798bc50135a4ff5', 19, 17, 2, 0, 5),
(4362, '23cf095ea594b070f798bc50135a4ff5', 16, 14, 1, 2, 4),
(4363, '23cf095ea594b070f798bc50135a4ff5', 18, 20, 0, 1, 5),
(4364, '23cf095ea594b070f798bc50135a4ff5', 25, 27, 2, 1, 7),
(4365, '23cf095ea594b070f798bc50135a4ff5', 21, 23, 2, 0, 6),
(4366, '23cf095ea594b070f798bc50135a4ff5', 24, 22, 0, 1, 6),
(4367, '23cf095ea594b070f798bc50135a4ff5', 28, 26, 2, 1, 7),
(4368, '23cf095ea594b070f798bc50135a4ff5', 32, 30, 1, 1, 8),
(4369, '23cf095ea594b070f798bc50135a4ff5', 29, 31, 1, 1, 8),
(4370, '23cf095ea594b070f798bc50135a4ff5', 4, 1, 1, 1, 1),
(4371, '23cf095ea594b070f798bc50135a4ff5', 2, 3, 0, 1, 1),
(4372, '23cf095ea594b070f798bc50135a4ff5', 6, 7, 0, 2, 2),
(4373, '23cf095ea594b070f798bc50135a4ff5', 8, 5, 3, 0, 2),
(4374, '23cf095ea594b070f798bc50135a4ff5', 12, 9, 1, 2, 3),
(4375, '23cf095ea594b070f798bc50135a4ff5', 10, 11, 2, 0, 3),
(4376, '23cf095ea594b070f798bc50135a4ff5', 16, 13, 1, 1, 4),
(4377, '23cf095ea594b070f798bc50135a4ff5', 14, 15, 1, 0, 4),
(4378, '23cf095ea594b070f798bc50135a4ff5', 24, 21, 0, 3, 6),
(4379, '23cf095ea594b070f798bc50135a4ff5', 22, 23, 1, 1, 6),
(4380, '23cf095ea594b070f798bc50135a4ff5', 18, 19, 0, 2, 5),
(4381, '23cf095ea594b070f798bc50135a4ff5', 20, 17, 1, 1, 5),
(4382, '23cf095ea594b070f798bc50135a4ff5', 32, 29, 1, 3, 8),
(4383, '23cf095ea594b070f798bc50135a4ff5', 30, 31, 1, 1, 8),
(4384, '23cf095ea594b070f798bc50135a4ff5', 28, 25, 1, 1, 7),
(4385, '23cf095ea594b070f798bc50135a4ff5', 26, 27, 0, 2, 7),
(4386, 'be2944974bed058c945dd25865f95a98', 1, 2, 2, 0, 1),
(4387, 'be2944974bed058c945dd25865f95a98', 3, 4, 2, 1, 1),
(4388, 'be2944974bed058c945dd25865f95a98', 5, 6, 1, 0, 2),
(4389, 'be2944974bed058c945dd25865f95a98', 7, 8, 1, 1, 2),
(4390, 'be2944974bed058c945dd25865f95a98', 9, 10, 2, 0, 3),
(4391, 'be2944974bed058c945dd25865f95a98', 13, 14, 2, 0, 4),
(4392, 'be2944974bed058c945dd25865f95a98', 11, 12, 0, 1, 3),
(4393, 'be2944974bed058c945dd25865f95a98', 15, 16, 2, 1, 4),
(4394, 'be2944974bed058c945dd25865f95a98', 17, 18, 2, 2, 5),
(4395, 'be2944974bed058c945dd25865f95a98', 21, 22, 1, 1, 6),
(4396, 'be2944974bed058c945dd25865f95a98', 19, 20, 1, 1, 5),
(4397, 'be2944974bed058c945dd25865f95a98', 23, 24, 1, 1, 6),
(4398, 'be2944974bed058c945dd25865f95a98', 25, 26, 3, 1, 7),
(4399, 'be2944974bed058c945dd25865f95a98', 27, 28, 0, 2, 7),
(4400, 'be2944974bed058c945dd25865f95a98', 29, 30, 1, 1, 8),
(4401, 'be2944974bed058c945dd25865f95a98', 31, 32, 1, 1, 8),
(4402, 'be2944974bed058c945dd25865f95a98', 1, 3, 0, 1, 1),
(4403, 'be2944974bed058c945dd25865f95a98', 7, 5, 2, 1, 2),
(4404, 'be2944974bed058c945dd25865f95a98', 4, 2, 2, 0, 1),
(4405, 'be2944974bed058c945dd25865f95a98', 6, 8, 0, 1, 2),
(4406, 'be2944974bed058c945dd25865f95a98', 9, 11, 1, 0, 3),
(4407, 'be2944974bed058c945dd25865f95a98', 12, 10, 1, 0, 3),
(4408, 'be2944974bed058c945dd25865f95a98', 13, 15, 1, 1, 4),
(4409, 'be2944974bed058c945dd25865f95a98', 19, 17, 2, 0, 5),
(4410, 'be2944974bed058c945dd25865f95a98', 16, 14, 1, 1, 4),
(4411, 'be2944974bed058c945dd25865f95a98', 18, 20, 0, 2, 5),
(4412, 'be2944974bed058c945dd25865f95a98', 25, 27, 1, 1, 7),
(4413, 'be2944974bed058c945dd25865f95a98', 21, 23, 2, 0, 6),
(4414, 'be2944974bed058c945dd25865f95a98', 24, 22, 0, 2, 6),
(4415, 'be2944974bed058c945dd25865f95a98', 28, 26, 2, 0, 7),
(4416, 'be2944974bed058c945dd25865f95a98', 32, 30, 2, 1, 8),
(4417, 'be2944974bed058c945dd25865f95a98', 29, 31, 1, 2, 8),
(4418, 'be2944974bed058c945dd25865f95a98', 4, 1, 0, 0, 1),
(4419, 'be2944974bed058c945dd25865f95a98', 2, 3, 0, 2, 1),
(4420, 'be2944974bed058c945dd25865f95a98', 6, 7, 0, 1, 2),
(4421, 'be2944974bed058c945dd25865f95a98', 8, 5, 1, 0, 2),
(4422, 'be2944974bed058c945dd25865f95a98', 12, 9, 0, 0, 3),
(4423, 'be2944974bed058c945dd25865f95a98', 10, 11, 1, 1, 3),
(4424, 'be2944974bed058c945dd25865f95a98', 16, 13, 1, 2, 4),
(4425, 'be2944974bed058c945dd25865f95a98', 14, 15, 1, 2, 4),
(4426, 'be2944974bed058c945dd25865f95a98', 24, 21, 0, 4, 6),
(4427, 'be2944974bed058c945dd25865f95a98', 22, 23, 1, 1, 6),
(4428, 'be2944974bed058c945dd25865f95a98', 18, 19, 0, 2, 5),
(4429, 'be2944974bed058c945dd25865f95a98', 20, 17, 2, 0, 5),
(4430, 'be2944974bed058c945dd25865f95a98', 32, 29, 3, 1, 8),
(4431, 'be2944974bed058c945dd25865f95a98', 30, 31, 1, 1, 8),
(4432, 'be2944974bed058c945dd25865f95a98', 28, 25, 1, 1, 7),
(4433, 'be2944974bed058c945dd25865f95a98', 26, 27, 1, 1, 7),
(5106, '0cd01ab27c4b6cc7c885861959fdbc74', 1, 2, 1, 0, 1),
(5107, '0cd01ab27c4b6cc7c885861959fdbc74', 3, 4, 0, 2, 1),
(5108, '0cd01ab27c4b6cc7c885861959fdbc74', 5, 6, 1, 1, 2),
(5109, '0cd01ab27c4b6cc7c885861959fdbc74', 7, 8, 1, 2, 2),
(5110, '0cd01ab27c4b6cc7c885861959fdbc74', 9, 10, 2, 0, 3),
(5111, '0cd01ab27c4b6cc7c885861959fdbc74', 13, 14, 1, 0, 4),
(5112, '0cd01ab27c4b6cc7c885861959fdbc74', 11, 12, 1, 2, 3),
(5113, '0cd01ab27c4b6cc7c885861959fdbc74', 15, 16, 1, 0, 4),
(5114, '0cd01ab27c4b6cc7c885861959fdbc74', 17, 18, 1, 1, 5),
(5115, '0cd01ab27c4b6cc7c885861959fdbc74', 21, 22, 1, 0, 6),
(5116, '0cd01ab27c4b6cc7c885861959fdbc74', 19, 20, 1, 2, 5),
(5117, '0cd01ab27c4b6cc7c885861959fdbc74', 23, 24, 1, 0, 6),
(5118, '0cd01ab27c4b6cc7c885861959fdbc74', 25, 26, 2, 0, 7),
(5119, '0cd01ab27c4b6cc7c885861959fdbc74', 27, 28, 1, 1, 7),
(5120, '0cd01ab27c4b6cc7c885861959fdbc74', 29, 30, 1, 0, 8),
(5121, '0cd01ab27c4b6cc7c885861959fdbc74', 31, 32, 2, 0, 8),
(5122, '0cd01ab27c4b6cc7c885861959fdbc74', 1, 3, 1, 0, 1),
(5123, '0cd01ab27c4b6cc7c885861959fdbc74', 7, 5, 2, 0, 2),
(5124, '0cd01ab27c4b6cc7c885861959fdbc74', 4, 2, 2, 0, 1),
(5125, '0cd01ab27c4b6cc7c885861959fdbc74', 6, 8, 0, 2, 2),
(5126, '0cd01ab27c4b6cc7c885861959fdbc74', 9, 11, 1, 0, 3),
(5127, '0cd01ab27c4b6cc7c885861959fdbc74', 12, 10, 1, 0, 3),
(5128, '0cd01ab27c4b6cc7c885861959fdbc74', 13, 15, 1, 0, 4),
(5129, '0cd01ab27c4b6cc7c885861959fdbc74', 19, 17, 1, 0, 5),
(5130, '0cd01ab27c4b6cc7c885861959fdbc74', 16, 14, 0, 1, 4),
(5131, '0cd01ab27c4b6cc7c885861959fdbc74', 18, 20, 0, 2, 5),
(5132, '0cd01ab27c4b6cc7c885861959fdbc74', 25, 27, 1, 0, 7),
(5133, '0cd01ab27c4b6cc7c885861959fdbc74', 21, 23, 1, 0, 6),
(5134, '0cd01ab27c4b6cc7c885861959fdbc74', 24, 22, 0, 2, 6),
(5135, '0cd01ab27c4b6cc7c885861959fdbc74', 28, 26, 2, 0, 7),
(5136, '0cd01ab27c4b6cc7c885861959fdbc74', 32, 30, 0, 1, 8),
(5137, '0cd01ab27c4b6cc7c885861959fdbc74', 29, 31, 1, 2, 8),
(5138, '0cd01ab27c4b6cc7c885861959fdbc74', 4, 1, 1, 1, 1),
(5139, '0cd01ab27c4b6cc7c885861959fdbc74', 2, 3, 1, 1, 1),
(5140, '0cd01ab27c4b6cc7c885861959fdbc74', 6, 7, 0, 1, 2),
(5141, '0cd01ab27c4b6cc7c885861959fdbc74', 8, 5, 2, 0, 2),
(5142, '0cd01ab27c4b6cc7c885861959fdbc74', 12, 9, 0, 1, 3),
(5143, '0cd01ab27c4b6cc7c885861959fdbc74', 10, 11, 0, 1, 3),
(5144, '0cd01ab27c4b6cc7c885861959fdbc74', 16, 13, 0, 2, 4),
(5145, '0cd01ab27c4b6cc7c885861959fdbc74', 14, 15, 2, 1, 4),
(5146, '0cd01ab27c4b6cc7c885861959fdbc74', 24, 21, 0, 2, 6),
(5147, '0cd01ab27c4b6cc7c885861959fdbc74', 22, 23, 1, 2, 6),
(5148, '0cd01ab27c4b6cc7c885861959fdbc74', 18, 19, 0, 2, 5),
(5149, '0cd01ab27c4b6cc7c885861959fdbc74', 20, 17, 1, 0, 5),
(5150, '0cd01ab27c4b6cc7c885861959fdbc74', 32, 29, 0, 2, 8),
(5151, '0cd01ab27c4b6cc7c885861959fdbc74', 30, 31, 0, 1, 8),
(5152, '0cd01ab27c4b6cc7c885861959fdbc74', 28, 25, 1, 1, 7),
(5153, '0cd01ab27c4b6cc7c885861959fdbc74', 26, 27, 0, 2, 7),
(5154, '1d308cf77ca708100a583cee05b2fe25', 1, 2, 3, 1, 1),
(5155, '1d308cf77ca708100a583cee05b2fe25', 3, 4, 0, 2, 1),
(5156, '1d308cf77ca708100a583cee05b2fe25', 5, 6, 1, 0, 2),
(5157, '1d308cf77ca708100a583cee05b2fe25', 7, 8, 2, 3, 2),
(5158, '1d308cf77ca708100a583cee05b2fe25', 9, 10, 3, 1, 3),
(5159, '1d308cf77ca708100a583cee05b2fe25', 13, 14, 2, 0, 4),
(5160, '1d308cf77ca708100a583cee05b2fe25', 11, 12, 2, 2, 3),
(5161, '1d308cf77ca708100a583cee05b2fe25', 15, 16, 2, 2, 4),
(5162, '1d308cf77ca708100a583cee05b2fe25', 17, 18, 1, 2, 5),
(5163, '1d308cf77ca708100a583cee05b2fe25', 21, 22, 4, 0, 6),
(5164, '1d308cf77ca708100a583cee05b2fe25', 19, 20, 3, 2, 5),
(5165, '1d308cf77ca708100a583cee05b2fe25', 23, 24, 1, 1, 6),
(5166, '1d308cf77ca708100a583cee05b2fe25', 25, 26, 3, 1, 7),
(5167, '1d308cf77ca708100a583cee05b2fe25', 27, 28, 0, 2, 7),
(5168, '1d308cf77ca708100a583cee05b2fe25', 29, 30, 3, 0, 8),
(5169, '1d308cf77ca708100a583cee05b2fe25', 31, 32, 0, 0, 8),
(5170, '1d308cf77ca708100a583cee05b2fe25', 1, 3, 1, 1, 1),
(5171, '1d308cf77ca708100a583cee05b2fe25', 7, 5, 2, 1, 2),
(5172, '1d308cf77ca708100a583cee05b2fe25', 4, 2, 0, 0, 1),
(5173, '1d308cf77ca708100a583cee05b2fe25', 6, 8, 0, 3, 2),
(5174, '1d308cf77ca708100a583cee05b2fe25', 9, 11, 4, 0, 3),
(5175, '1d308cf77ca708100a583cee05b2fe25', 12, 10, 1, 1, 3),
(5176, '1d308cf77ca708100a583cee05b2fe25', 13, 15, 1, 0, 4),
(5177, '1d308cf77ca708100a583cee05b2fe25', 19, 17, 2, 0, 5),
(5178, '1d308cf77ca708100a583cee05b2fe25', 16, 14, 0, 2, 4),
(5179, '1d308cf77ca708100a583cee05b2fe25', 18, 20, 1, 2, 5),
(5180, '1d308cf77ca708100a583cee05b2fe25', 25, 27, 2, 1, 7),
(5181, '1d308cf77ca708100a583cee05b2fe25', 21, 23, 2, 1, 6),
(5182, '1d308cf77ca708100a583cee05b2fe25', 24, 22, 1, 1, 6),
(5183, '1d308cf77ca708100a583cee05b2fe25', 28, 26, 3, 0, 7),
(5184, '1d308cf77ca708100a583cee05b2fe25', 32, 30, 3, 0, 8),
(5185, '1d308cf77ca708100a583cee05b2fe25', 29, 31, 2, 1, 8),
(5186, '1d308cf77ca708100a583cee05b2fe25', 4, 1, 0, 1, 1),
(5187, '1d308cf77ca708100a583cee05b2fe25', 2, 3, 2, 2, 1),
(5188, '1d308cf77ca708100a583cee05b2fe25', 6, 7, 0, 2, 2),
(5189, '1d308cf77ca708100a583cee05b2fe25', 8, 5, 1, 1, 2),
(5190, '1d308cf77ca708100a583cee05b2fe25', 12, 9, 1, 1, 3),
(5191, '1d308cf77ca708100a583cee05b2fe25', 10, 11, 2, 1, 3),
(5192, '1d308cf77ca708100a583cee05b2fe25', 16, 13, 1, 2, 4),
(5193, '1d308cf77ca708100a583cee05b2fe25', 14, 15, 3, 1, 4),
(5194, '1d308cf77ca708100a583cee05b2fe25', 24, 21, 0, 2, 6),
(5195, '1d308cf77ca708100a583cee05b2fe25', 22, 23, 0, 2, 6),
(5196, '1d308cf77ca708100a583cee05b2fe25', 18, 19, 1, 2, 5),
(5197, '1d308cf77ca708100a583cee05b2fe25', 20, 17, 1, 2, 5),
(5198, '1d308cf77ca708100a583cee05b2fe25', 32, 29, 0, 2, 8),
(5199, '1d308cf77ca708100a583cee05b2fe25', 30, 31, 1, 2, 8),
(5200, '1d308cf77ca708100a583cee05b2fe25', 28, 25, 1, 1, 7),
(5201, '1d308cf77ca708100a583cee05b2fe25', 26, 27, 0, 2, 7),
(5202, 'ef224956befc21c8a110a9c3cf357423', 1, 2, 5, 0, 1),
(5203, 'ef224956befc21c8a110a9c3cf357423', 3, 4, 0, 5, 1),
(5204, 'ef224956befc21c8a110a9c3cf357423', 1, 3, 5, 0, 1),
(5205, 'ef224956befc21c8a110a9c3cf357423', 4, 2, 5, 0, 1),
(5206, 'ef224956befc21c8a110a9c3cf357423', 4, 1, 5, 0, 1),
(5207, 'ef224956befc21c8a110a9c3cf357423', 2, 3, 5, 0, 1),
(5208, '85cc3a88a344e09977e45b28ca76115a', 1, 2, 1, 0, 1),
(5209, '85cc3a88a344e09977e45b28ca76115a', 3, 4, 1, 2, 1),
(5210, '85cc3a88a344e09977e45b28ca76115a', 5, 6, 1, 0, 2),
(5211, '85cc3a88a344e09977e45b28ca76115a', 7, 8, 0, 1, 2),
(5212, '85cc3a88a344e09977e45b28ca76115a', 9, 10, 2, 0, 3),
(5213, '85cc3a88a344e09977e45b28ca76115a', 13, 14, 1, 0, 4),
(5214, '85cc3a88a344e09977e45b28ca76115a', 11, 12, 0, 1, 3),
(5215, '85cc3a88a344e09977e45b28ca76115a', 15, 16, 1, 0, 4),
(5216, '85cc3a88a344e09977e45b28ca76115a', 17, 18, 1, 1, 5),
(5217, '85cc3a88a344e09977e45b28ca76115a', 21, 22, 1, 0, 6),
(5218, '85cc3a88a344e09977e45b28ca76115a', 19, 20, 1, 0, 5),
(5219, '85cc3a88a344e09977e45b28ca76115a', 23, 24, 1, 1, 6),
(5220, '85cc3a88a344e09977e45b28ca76115a', 25, 26, 4, 0, 7),
(5221, '85cc3a88a344e09977e45b28ca76115a', 27, 28, 0, 2, 7),
(5222, '85cc3a88a344e09977e45b28ca76115a', 29, 30, 1, 1, 8),
(5223, '85cc3a88a344e09977e45b28ca76115a', 31, 32, 1, 0, 8),
(5224, '85cc3a88a344e09977e45b28ca76115a', 1, 3, 1, 0, 1),
(5225, '85cc3a88a344e09977e45b28ca76115a', 7, 5, 1, 0, 2),
(5226, '85cc3a88a344e09977e45b28ca76115a', 4, 2, 2, 0, 1),
(5227, '85cc3a88a344e09977e45b28ca76115a', 6, 8, 0, 2, 2),
(5228, '85cc3a88a344e09977e45b28ca76115a', 9, 11, 2, 0, 3),
(5229, '85cc3a88a344e09977e45b28ca76115a', 12, 10, 1, 0, 3),
(5230, '85cc3a88a344e09977e45b28ca76115a', 13, 15, 0, 1, 4),
(5231, '85cc3a88a344e09977e45b28ca76115a', 19, 17, 2, 0, 5),
(5232, '85cc3a88a344e09977e45b28ca76115a', 16, 14, 1, 1, 4),
(5233, '85cc3a88a344e09977e45b28ca76115a', 18, 20, 1, 1, 5),
(5234, '85cc3a88a344e09977e45b28ca76115a', 25, 27, 2, 0, 7),
(5235, '85cc3a88a344e09977e45b28ca76115a', 21, 23, 1, 0, 6),
(5236, '85cc3a88a344e09977e45b28ca76115a', 24, 22, 0, 1, 6),
(5237, '85cc3a88a344e09977e45b28ca76115a', 28, 26, 4, 0, 7),
(5238, '85cc3a88a344e09977e45b28ca76115a', 32, 30, 1, 1, 8),
(5239, '85cc3a88a344e09977e45b28ca76115a', 29, 31, 1, 1, 8),
(5240, '85cc3a88a344e09977e45b28ca76115a', 4, 1, 2, 1, 1),
(5241, '85cc3a88a344e09977e45b28ca76115a', 2, 3, 0, 1, 1),
(5242, '85cc3a88a344e09977e45b28ca76115a', 6, 7, 0, 1, 2),
(5243, '85cc3a88a344e09977e45b28ca76115a', 8, 5, 2, 0, 2),
(5244, '85cc3a88a344e09977e45b28ca76115a', 12, 9, 0, 2, 3),
(5245, '85cc3a88a344e09977e45b28ca76115a', 10, 11, 1, 1, 3),
(5246, '85cc3a88a344e09977e45b28ca76115a', 16, 13, 0, 1, 4),
(5247, '85cc3a88a344e09977e45b28ca76115a', 14, 15, 0, 1, 4),
(5248, '85cc3a88a344e09977e45b28ca76115a', 24, 21, 0, 1, 6),
(5249, '85cc3a88a344e09977e45b28ca76115a', 22, 23, 1, 0, 6),
(5250, '85cc3a88a344e09977e45b28ca76115a', 18, 19, 0, 1, 5),
(5251, '85cc3a88a344e09977e45b28ca76115a', 20, 17, 2, 1, 5),
(5252, '85cc3a88a344e09977e45b28ca76115a', 32, 29, 0, 1, 8),
(5253, '85cc3a88a344e09977e45b28ca76115a', 30, 31, 0, 1, 8),
(5254, '85cc3a88a344e09977e45b28ca76115a', 28, 25, 1, 2, 7),
(5255, '85cc3a88a344e09977e45b28ca76115a', 26, 27, 0, 3, 7),
(5256, '66ea8baf628638c87ab4ebd02f17ae7e', 1, 2, 2, 0, 1),
(5257, '66ea8baf628638c87ab4ebd02f17ae7e', 3, 4, 2, 2, 1),
(5258, '66ea8baf628638c87ab4ebd02f17ae7e', 5, 6, 3, 0, 2),
(5259, '66ea8baf628638c87ab4ebd02f17ae7e', 7, 8, 1, 1, 2),
(5260, '66ea8baf628638c87ab4ebd02f17ae7e', 9, 10, 3, 1, 3),
(5261, '66ea8baf628638c87ab4ebd02f17ae7e', 13, 14, 4, 0, 4),
(5262, '66ea8baf628638c87ab4ebd02f17ae7e', 11, 12, 1, 2, 3),
(5263, '66ea8baf628638c87ab4ebd02f17ae7e', 15, 16, 4, 0, 4),
(5264, '66ea8baf628638c87ab4ebd02f17ae7e', 17, 18, 1, 3, 5),
(5265, '66ea8baf628638c87ab4ebd02f17ae7e', 21, 22, 2, 2, 6),
(5266, '66ea8baf628638c87ab4ebd02f17ae7e', 19, 20, 6, 1, 5),
(5267, '66ea8baf628638c87ab4ebd02f17ae7e', 23, 24, 4, 1, 6),
(5268, '66ea8baf628638c87ab4ebd02f17ae7e', 25, 26, 3, 0, 7),
(5269, '66ea8baf628638c87ab4ebd02f17ae7e', 27, 28, 1, 4, 7),
(5270, '66ea8baf628638c87ab4ebd02f17ae7e', 29, 30, 3, 0, 8),
(5271, '66ea8baf628638c87ab4ebd02f17ae7e', 31, 32, 3, 2, 8),
(5272, '66ea8baf628638c87ab4ebd02f17ae7e', 1, 3, 1, 1, 1),
(5273, '66ea8baf628638c87ab4ebd02f17ae7e', 7, 5, 4, 1, 2),
(5274, '66ea8baf628638c87ab4ebd02f17ae7e', 4, 2, 4, 0, 1),
(5275, '66ea8baf628638c87ab4ebd02f17ae7e', 6, 8, 0, 6, 2),
(5276, '66ea8baf628638c87ab4ebd02f17ae7e', 9, 11, 2, 0, 3),
(5277, '66ea8baf628638c87ab4ebd02f17ae7e', 12, 10, 4, 0, 3),
(5278, '66ea8baf628638c87ab4ebd02f17ae7e', 13, 15, 2, 2, 4),
(5279, '66ea8baf628638c87ab4ebd02f17ae7e', 19, 17, 3, 0, 5),
(5280, '66ea8baf628638c87ab4ebd02f17ae7e', 16, 14, 1, 2, 4),
(5281, '66ea8baf628638c87ab4ebd02f17ae7e', 18, 20, 2, 2, 5),
(5282, '66ea8baf628638c87ab4ebd02f17ae7e', 25, 27, 2, 0, 7),
(5283, '66ea8baf628638c87ab4ebd02f17ae7e', 21, 23, 3, 2, 6),
(5284, '66ea8baf628638c87ab4ebd02f17ae7e', 24, 22, 1, 4, 6),
(5285, '66ea8baf628638c87ab4ebd02f17ae7e', 28, 26, 4, 1, 7),
(5286, '66ea8baf628638c87ab4ebd02f17ae7e', 32, 30, 3, 0, 8),
(5287, '66ea8baf628638c87ab4ebd02f17ae7e', 29, 31, 1, 1, 8),
(5288, '66ea8baf628638c87ab4ebd02f17ae7e', 4, 1, 1, 0, 1),
(5289, '66ea8baf628638c87ab4ebd02f17ae7e', 2, 3, 1, 1, 1),
(5290, '66ea8baf628638c87ab4ebd02f17ae7e', 6, 7, 1, 5, 2),
(5291, '66ea8baf628638c87ab4ebd02f17ae7e', 8, 5, 2, 2, 2),
(5292, '66ea8baf628638c87ab4ebd02f17ae7e', 12, 9, 2, 2, 3),
(5293, '66ea8baf628638c87ab4ebd02f17ae7e', 10, 11, 1, 1, 3),
(5294, '66ea8baf628638c87ab4ebd02f17ae7e', 16, 13, 0, 4, 4),
(5295, '66ea8baf628638c87ab4ebd02f17ae7e', 14, 15, 1, 3, 4),
(5296, '66ea8baf628638c87ab4ebd02f17ae7e', 24, 21, 0, 7, 6),
(5297, '66ea8baf628638c87ab4ebd02f17ae7e', 22, 23, 2, 4, 6),
(5298, '66ea8baf628638c87ab4ebd02f17ae7e', 18, 19, 1, 3, 5),
(5299, '66ea8baf628638c87ab4ebd02f17ae7e', 20, 17, 4, 1, 5),
(5300, '66ea8baf628638c87ab4ebd02f17ae7e', 32, 29, 1, 2, 8),
(5301, '66ea8baf628638c87ab4ebd02f17ae7e', 30, 31, 1, 4, 8),
(5302, '66ea8baf628638c87ab4ebd02f17ae7e', 28, 25, 1, 3, 7),
(5303, '66ea8baf628638c87ab4ebd02f17ae7e', 26, 27, 1, 1, 7),
(5304, 'b30e20400601cdf41642a5433ee74b0b', 1, 2, 1, 0, 1),
(5305, 'b30e20400601cdf41642a5433ee74b0b', 3, 4, 0, 0, 1),
(5306, 'b30e20400601cdf41642a5433ee74b0b', 5, 6, 2, 1, 2),
(5307, 'b30e20400601cdf41642a5433ee74b0b', 7, 8, 0, 0, 2),
(5308, 'b30e20400601cdf41642a5433ee74b0b', 9, 10, 1, 1, 3),
(5309, 'b30e20400601cdf41642a5433ee74b0b', 13, 14, 3, 0, 4),
(5310, 'b30e20400601cdf41642a5433ee74b0b', 11, 12, 1, 1, 3),
(5311, 'b30e20400601cdf41642a5433ee74b0b', 15, 16, 1, 1, 4),
(5312, 'b30e20400601cdf41642a5433ee74b0b', 17, 18, 0, 2, 5),
(5313, 'b30e20400601cdf41642a5433ee74b0b', 21, 22, 1, 1, 6),
(5314, 'b30e20400601cdf41642a5433ee74b0b', 19, 20, 2, 0, 5),
(5315, 'b30e20400601cdf41642a5433ee74b0b', 23, 24, 1, 1, 6),
(5316, 'b30e20400601cdf41642a5433ee74b0b', 25, 26, 2, 0, 7),
(5317, 'b30e20400601cdf41642a5433ee74b0b', 27, 28, 0, 0, 7),
(5318, 'b30e20400601cdf41642a5433ee74b0b', 29, 30, 1, 1, 8),
(5319, 'b30e20400601cdf41642a5433ee74b0b', 31, 32, 0, 1, 8),
(5320, 'b30e20400601cdf41642a5433ee74b0b', 1, 3, 0, 0, 1),
(5321, 'b30e20400601cdf41642a5433ee74b0b', 7, 5, 2, 1, 2),
(5322, 'b30e20400601cdf41642a5433ee74b0b', 4, 2, 2, 0, 1),
(5323, 'b30e20400601cdf41642a5433ee74b0b', 6, 8, 0, 3, 2),
(5324, 'b30e20400601cdf41642a5433ee74b0b', 9, 11, 2, 0, 3),
(5325, 'b30e20400601cdf41642a5433ee74b0b', 12, 10, 1, 1, 3),
(5326, 'b30e20400601cdf41642a5433ee74b0b', 13, 15, 2, 1, 4),
(5327, 'b30e20400601cdf41642a5433ee74b0b', 19, 17, 2, 0, 5),
(5328, 'b30e20400601cdf41642a5433ee74b0b', 16, 14, 2, 0, 4),
(5329, 'b30e20400601cdf41642a5433ee74b0b', 18, 20, 1, 1, 5),
(5330, 'b30e20400601cdf41642a5433ee74b0b', 25, 27, 1, 0, 7),
(5331, 'b30e20400601cdf41642a5433ee74b0b', 21, 23, 3, 1, 6),
(5332, 'b30e20400601cdf41642a5433ee74b0b', 24, 22, 1, 2, 6),
(5333, 'b30e20400601cdf41642a5433ee74b0b', 28, 26, 3, 0, 7),
(5334, 'b30e20400601cdf41642a5433ee74b0b', 32, 30, 2, 1, 8),
(5335, 'b30e20400601cdf41642a5433ee74b0b', 29, 31, 1, 1, 8),
(5336, 'b30e20400601cdf41642a5433ee74b0b', 4, 1, 2, 1, 1),
(5337, 'b30e20400601cdf41642a5433ee74b0b', 2, 3, 1, 1, 1),
(5338, 'b30e20400601cdf41642a5433ee74b0b', 6, 7, 0, 0, 2),
(5339, 'b30e20400601cdf41642a5433ee74b0b', 8, 5, 1, 1, 2),
(5340, 'b30e20400601cdf41642a5433ee74b0b', 12, 9, 1, 3, 3),
(5341, 'b30e20400601cdf41642a5433ee74b0b', 10, 11, 1, 1, 3),
(5342, 'b30e20400601cdf41642a5433ee74b0b', 16, 13, 1, 1, 4),
(5343, 'b30e20400601cdf41642a5433ee74b0b', 14, 15, 0, 2, 4),
(5344, 'b30e20400601cdf41642a5433ee74b0b', 24, 21, 0, 1, 6),
(5345, 'b30e20400601cdf41642a5433ee74b0b', 22, 23, 2, 1, 6),
(5346, 'b30e20400601cdf41642a5433ee74b0b', 18, 19, 1, 1, 5),
(5347, 'b30e20400601cdf41642a5433ee74b0b', 20, 17, 2, 1, 5),
(5348, 'b30e20400601cdf41642a5433ee74b0b', 32, 29, 2, 2, 8),
(5349, 'b30e20400601cdf41642a5433ee74b0b', 30, 31, 1, 1, 8),
(5350, 'b30e20400601cdf41642a5433ee74b0b', 28, 25, 0, 0, 7),
(5351, 'b30e20400601cdf41642a5433ee74b0b', 26, 27, 0, 2, 7),
(5352, '726acc006951d5b3749560b64fa6c6ba', 1, 2, 2, 1, 1),
(5353, '726acc006951d5b3749560b64fa6c6ba', 3, 4, 1, 1, 1),
(5354, '726acc006951d5b3749560b64fa6c6ba', 5, 6, 1, 1, 2),
(5355, '726acc006951d5b3749560b64fa6c6ba', 7, 8, 1, 1, 2),
(5356, '726acc006951d5b3749560b64fa6c6ba', 9, 10, 2, 1, 3),
(5357, '726acc006951d5b3749560b64fa6c6ba', 13, 14, 2, 1, 4),
(5358, '726acc006951d5b3749560b64fa6c6ba', 11, 12, 0, 1, 3),
(5359, '726acc006951d5b3749560b64fa6c6ba', 15, 16, 2, 0, 4),
(5360, '726acc006951d5b3749560b64fa6c6ba', 17, 18, 1, 2, 5),
(5361, '726acc006951d5b3749560b64fa6c6ba', 21, 22, 3, 1, 6),
(5362, '726acc006951d5b3749560b64fa6c6ba', 19, 20, 1, 0, 5),
(5363, '726acc006951d5b3749560b64fa6c6ba', 23, 24, 1, 1, 6),
(5364, '726acc006951d5b3749560b64fa6c6ba', 25, 26, 3, 0, 7),
(5365, '726acc006951d5b3749560b64fa6c6ba', 27, 28, 0, 1, 7),
(5366, '726acc006951d5b3749560b64fa6c6ba', 29, 30, 2, 0, 8),
(5367, '726acc006951d5b3749560b64fa6c6ba', 31, 32, 0, 0, 8),
(5368, '726acc006951d5b3749560b64fa6c6ba', 1, 3, 1, 1, 1),
(5369, '726acc006951d5b3749560b64fa6c6ba', 7, 5, 3, 0, 2),
(5370, '726acc006951d5b3749560b64fa6c6ba', 4, 2, 1, 1, 1),
(5371, '726acc006951d5b3749560b64fa6c6ba', 6, 8, 0, 3, 2),
(5372, '726acc006951d5b3749560b64fa6c6ba', 9, 11, 3, 0, 3),
(5373, '726acc006951d5b3749560b64fa6c6ba', 12, 10, 1, 1, 3),
(5374, '726acc006951d5b3749560b64fa6c6ba', 13, 15, 1, 1, 4),
(5375, '726acc006951d5b3749560b64fa6c6ba', 19, 17, 2, 0, 5),
(5376, '726acc006951d5b3749560b64fa6c6ba', 16, 14, 0, 3, 4),
(5377, '726acc006951d5b3749560b64fa6c6ba', 18, 20, 1, 1, 5),
(5378, '726acc006951d5b3749560b64fa6c6ba', 25, 27, 3, 0, 7),
(5379, '726acc006951d5b3749560b64fa6c6ba', 21, 23, 2, 1, 6),
(5380, '726acc006951d5b3749560b64fa6c6ba', 24, 22, 1, 1, 6),
(5381, '726acc006951d5b3749560b64fa6c6ba', 28, 26, 2, 1, 7),
(5382, '726acc006951d5b3749560b64fa6c6ba', 32, 30, 0, 0, 8),
(5383, '726acc006951d5b3749560b64fa6c6ba', 29, 31, 2, 0, 8),
(5384, '726acc006951d5b3749560b64fa6c6ba', 4, 1, 1, 1, 1),
(5385, '726acc006951d5b3749560b64fa6c6ba', 2, 3, 0, 0, 1),
(5386, '726acc006951d5b3749560b64fa6c6ba', 6, 7, 0, 4, 2),
(5387, '726acc006951d5b3749560b64fa6c6ba', 8, 5, 4, 0, 2),
(5388, '726acc006951d5b3749560b64fa6c6ba', 12, 9, 1, 2, 3),
(5389, '726acc006951d5b3749560b64fa6c6ba', 10, 11, 1, 1, 3),
(5390, '726acc006951d5b3749560b64fa6c6ba', 16, 13, 0, 3, 4),
(5391, '726acc006951d5b3749560b64fa6c6ba', 14, 15, 1, 2, 4),
(5392, '726acc006951d5b3749560b64fa6c6ba', 24, 21, 0, 2, 6),
(5393, '726acc006951d5b3749560b64fa6c6ba', 22, 23, 1, 1, 6),
(5394, '726acc006951d5b3749560b64fa6c6ba', 18, 19, 0, 2, 5),
(5395, '726acc006951d5b3749560b64fa6c6ba', 20, 17, 2, 1, 5),
(5396, '726acc006951d5b3749560b64fa6c6ba', 32, 29, 1, 1, 8),
(5397, '726acc006951d5b3749560b64fa6c6ba', 30, 31, 0, 0, 8),
(5398, '726acc006951d5b3749560b64fa6c6ba', 28, 25, 1, 1, 7),
(5399, '726acc006951d5b3749560b64fa6c6ba', 26, 27, 1, 1, 7),
(5448, '1b762516a1eb722826f489ec59ae0c1a', 1, 2, 2, 0, 1),
(5449, '1b762516a1eb722826f489ec59ae0c1a', 3, 4, 1, 1, 1),
(5450, '1b762516a1eb722826f489ec59ae0c1a', 5, 6, 2, 0, 2),
(5451, '1b762516a1eb722826f489ec59ae0c1a', 7, 8, 0, 1, 2),
(5452, '1b762516a1eb722826f489ec59ae0c1a', 9, 10, 2, 0, 3),
(5453, '1b762516a1eb722826f489ec59ae0c1a', 13, 14, 2, 0, 4),
(5454, '1b762516a1eb722826f489ec59ae0c1a', 11, 12, 0, 1, 3),
(5455, '1b762516a1eb722826f489ec59ae0c1a', 15, 16, 2, 1, 4),
(5456, '1b762516a1eb722826f489ec59ae0c1a', 17, 18, 0, 1, 5),
(5457, '1b762516a1eb722826f489ec59ae0c1a', 21, 22, 3, 0, 6),
(5458, '1b762516a1eb722826f489ec59ae0c1a', 19, 20, 2, 0, 5),
(5459, '1b762516a1eb722826f489ec59ae0c1a', 23, 24, 1, 0, 6),
(5460, '1b762516a1eb722826f489ec59ae0c1a', 25, 26, 4, 0, 7),
(5461, '1b762516a1eb722826f489ec59ae0c1a', 27, 28, 1, 2, 7),
(5462, '1b762516a1eb722826f489ec59ae0c1a', 29, 30, 2, 0, 8),
(5463, '1b762516a1eb722826f489ec59ae0c1a', 31, 32, 2, 0, 8),
(5464, '1b762516a1eb722826f489ec59ae0c1a', 1, 3, 1, 0, 1),
(5465, '1b762516a1eb722826f489ec59ae0c1a', 7, 5, 1, 0, 2),
(5466, '1b762516a1eb722826f489ec59ae0c1a', 4, 2, 1, 0, 1),
(5467, '1b762516a1eb722826f489ec59ae0c1a', 6, 8, 0, 3, 2),
(5468, '1b762516a1eb722826f489ec59ae0c1a', 9, 11, 3, 0, 3),
(5469, '1b762516a1eb722826f489ec59ae0c1a', 12, 10, 1, 1, 3),
(5470, '1b762516a1eb722826f489ec59ae0c1a', 13, 15, 1, 0, 4),
(5471, '1b762516a1eb722826f489ec59ae0c1a', 19, 17, 3, 0, 5),
(5472, '1b762516a1eb722826f489ec59ae0c1a', 16, 14, 0, 2, 4),
(5473, '1b762516a1eb722826f489ec59ae0c1a', 18, 20, 1, 2, 5),
(5474, '1b762516a1eb722826f489ec59ae0c1a', 25, 27, 1, 0, 7),
(5475, '1b762516a1eb722826f489ec59ae0c1a', 21, 23, 2, 1, 6),
(5476, '1b762516a1eb722826f489ec59ae0c1a', 24, 22, 0, 1, 6),
(5477, '1b762516a1eb722826f489ec59ae0c1a', 28, 26, 2, 0, 7),
(5478, '1b762516a1eb722826f489ec59ae0c1a', 32, 30, 1, 0, 8),
(5479, '1b762516a1eb722826f489ec59ae0c1a', 29, 31, 1, 1, 8),
(5480, '1b762516a1eb722826f489ec59ae0c1a', 4, 1, 0, 0, 1),
(5481, '1b762516a1eb722826f489ec59ae0c1a', 2, 3, 1, 2, 1),
(5482, '1b762516a1eb722826f489ec59ae0c1a', 6, 7, 0, 2, 2),
(5483, '1b762516a1eb722826f489ec59ae0c1a', 8, 5, 1, 0, 2),
(5484, '1b762516a1eb722826f489ec59ae0c1a', 12, 9, 0, 0, 3),
(5485, '1b762516a1eb722826f489ec59ae0c1a', 10, 11, 1, 0, 3),
(5486, '1b762516a1eb722826f489ec59ae0c1a', 16, 13, 1, 3, 4),
(5487, '1b762516a1eb722826f489ec59ae0c1a', 14, 15, 1, 0, 4),
(5488, '1b762516a1eb722826f489ec59ae0c1a', 24, 21, 0, 2, 6),
(5489, '1b762516a1eb722826f489ec59ae0c1a', 22, 23, 1, 1, 6),
(5490, '1b762516a1eb722826f489ec59ae0c1a', 18, 19, 0, 2, 5),
(5491, '1b762516a1eb722826f489ec59ae0c1a', 20, 17, 2, 0, 5),
(5492, '1b762516a1eb722826f489ec59ae0c1a', 32, 29, 1, 2, 8),
(5493, '1b762516a1eb722826f489ec59ae0c1a', 30, 31, 1, 0, 8),
(5494, '1b762516a1eb722826f489ec59ae0c1a', 28, 25, 1, 1, 7),
(5495, '1b762516a1eb722826f489ec59ae0c1a', 26, 27, 0, 1, 7),
(5928, '0019ca0e4cf47f1a049ae304d136fc4b', 1, 2, 0, 0, 1),
(5929, '0019ca0e4cf47f1a049ae304d136fc4b', 3, 4, 0, 3, 1),
(5930, '0019ca0e4cf47f1a049ae304d136fc4b', 5, 6, 0, 0, 2),
(5931, '0019ca0e4cf47f1a049ae304d136fc4b', 7, 8, 0, 0, 2),
(5932, '0019ca0e4cf47f1a049ae304d136fc4b', 9, 10, 0, 0, 3),
(5933, '0019ca0e4cf47f1a049ae304d136fc4b', 13, 14, 0, 0, 4),
(5934, '0019ca0e4cf47f1a049ae304d136fc4b', 11, 12, 2, 2, 3),
(5935, '0019ca0e4cf47f1a049ae304d136fc4b', 15, 16, 1, 3, 4),
(5936, '0019ca0e4cf47f1a049ae304d136fc4b', 17, 18, 2, 3, 5),
(5937, '0019ca0e4cf47f1a049ae304d136fc4b', 21, 22, 0, 0, 6),
(5938, '0019ca0e4cf47f1a049ae304d136fc4b', 19, 20, 1, 0, 5),
(5939, '0019ca0e4cf47f1a049ae304d136fc4b', 23, 24, 1, 0, 6),
(5940, '0019ca0e4cf47f1a049ae304d136fc4b', 25, 26, 5, 1, 7),
(5941, '0019ca0e4cf47f1a049ae304d136fc4b', 27, 28, 2, 2, 7),
(5942, '0019ca0e4cf47f1a049ae304d136fc4b', 29, 30, 1, 0, 8),
(5943, '0019ca0e4cf47f1a049ae304d136fc4b', 31, 32, 2, 0, 8),
(5944, '0019ca0e4cf47f1a049ae304d136fc4b', 1, 3, 2, 1, 1),
(5945, '0019ca0e4cf47f1a049ae304d136fc4b', 7, 5, 3, 1, 2),
(5946, '0019ca0e4cf47f1a049ae304d136fc4b', 4, 2, 1, 1, 1),
(5947, '0019ca0e4cf47f1a049ae304d136fc4b', 6, 8, 0, 2, 2),
(5948, '0019ca0e4cf47f1a049ae304d136fc4b', 9, 11, 2, 2, 3),
(5949, '0019ca0e4cf47f1a049ae304d136fc4b', 12, 10, 2, 1, 3),
(5950, '0019ca0e4cf47f1a049ae304d136fc4b', 13, 15, 1, 1, 4),
(5951, '0019ca0e4cf47f1a049ae304d136fc4b', 19, 17, 4, 1, 5),
(5952, '0019ca0e4cf47f1a049ae304d136fc4b', 16, 14, 1, 0, 4),
(5953, '0019ca0e4cf47f1a049ae304d136fc4b', 18, 20, 1, 3, 5),
(5954, '0019ca0e4cf47f1a049ae304d136fc4b', 25, 27, 1, 0, 7),
(5955, '0019ca0e4cf47f1a049ae304d136fc4b', 21, 23, 1, 0, 6),
(5956, '0019ca0e4cf47f1a049ae304d136fc4b', 24, 22, 0, 2, 6),
(5957, '0019ca0e4cf47f1a049ae304d136fc4b', 28, 26, 3, 0, 7);
INSERT INTO `games` (`id`, `sessionid`, `hteam`, `ateam`, `hscore`, `ascore`, `groep`) VALUES
(5958, '0019ca0e4cf47f1a049ae304d136fc4b', 32, 30, 0, 1, 8),
(5959, '0019ca0e4cf47f1a049ae304d136fc4b', 29, 31, 2, 2, 8),
(5960, '0019ca0e4cf47f1a049ae304d136fc4b', 4, 1, 2, 2, 1),
(5961, '0019ca0e4cf47f1a049ae304d136fc4b', 2, 3, 2, 0, 1),
(5962, '0019ca0e4cf47f1a049ae304d136fc4b', 6, 7, 1, 2, 2),
(5963, '0019ca0e4cf47f1a049ae304d136fc4b', 8, 5, 5, 1, 2),
(5964, '0019ca0e4cf47f1a049ae304d136fc4b', 12, 9, 1, 2, 3),
(5965, '0019ca0e4cf47f1a049ae304d136fc4b', 10, 11, 0, 2, 3),
(5966, '0019ca0e4cf47f1a049ae304d136fc4b', 16, 13, 0, 2, 4),
(5967, '0019ca0e4cf47f1a049ae304d136fc4b', 14, 15, 1, 2, 4),
(5968, '0019ca0e4cf47f1a049ae304d136fc4b', 24, 21, 0, 3, 6),
(5969, '0019ca0e4cf47f1a049ae304d136fc4b', 22, 23, 2, 2, 6),
(5970, '0019ca0e4cf47f1a049ae304d136fc4b', 18, 19, 0, 2, 5),
(5971, '0019ca0e4cf47f1a049ae304d136fc4b', 20, 17, 2, 0, 5),
(5972, '0019ca0e4cf47f1a049ae304d136fc4b', 32, 29, 0, 2, 8),
(5973, '0019ca0e4cf47f1a049ae304d136fc4b', 30, 31, 0, 2, 8),
(5974, '0019ca0e4cf47f1a049ae304d136fc4b', 28, 25, 1, 1, 7),
(5975, '0019ca0e4cf47f1a049ae304d136fc4b', 26, 27, 0, 2, 7),
(5976, '11f667697e0d1ee3dd11be116f8ffc9f', 1, 2, 1, 0, 1),
(5977, '11f667697e0d1ee3dd11be116f8ffc9f', 3, 4, 0, 1, 1),
(5978, '11f667697e0d1ee3dd11be116f8ffc9f', 5, 6, 0, 1, 2),
(5979, '11f667697e0d1ee3dd11be116f8ffc9f', 7, 8, 1, 0, 2),
(5980, '11f667697e0d1ee3dd11be116f8ffc9f', 9, 10, 1, 0, 3),
(5981, '11f667697e0d1ee3dd11be116f8ffc9f', 13, 14, 1, 0, 4),
(5982, '11f667697e0d1ee3dd11be116f8ffc9f', 11, 12, 1, 0, 3),
(5983, '11f667697e0d1ee3dd11be116f8ffc9f', 15, 16, 1, 0, 4),
(5984, '11f667697e0d1ee3dd11be116f8ffc9f', 17, 18, 1, 0, 5),
(5985, '11f667697e0d1ee3dd11be116f8ffc9f', 21, 22, 1, 0, 6),
(5986, '11f667697e0d1ee3dd11be116f8ffc9f', 19, 20, 1, 0, 5),
(5987, '11f667697e0d1ee3dd11be116f8ffc9f', 23, 24, 1, 0, 6),
(5988, '11f667697e0d1ee3dd11be116f8ffc9f', 25, 26, 2, 0, 7),
(5989, '11f667697e0d1ee3dd11be116f8ffc9f', 27, 28, 0, 1, 7),
(5990, '11f667697e0d1ee3dd11be116f8ffc9f', 29, 30, 1, 0, 8),
(5991, '11f667697e0d1ee3dd11be116f8ffc9f', 31, 32, 1, 0, 8),
(5992, '11f667697e0d1ee3dd11be116f8ffc9f', 1, 3, 1, 0, 1),
(5993, '11f667697e0d1ee3dd11be116f8ffc9f', 7, 5, 1, 0, 2),
(5994, '11f667697e0d1ee3dd11be116f8ffc9f', 4, 2, 1, 0, 1),
(5995, '11f667697e0d1ee3dd11be116f8ffc9f', 6, 8, 0, 1, 2),
(5996, '11f667697e0d1ee3dd11be116f8ffc9f', 9, 11, 1, 0, 3),
(5997, '11f667697e0d1ee3dd11be116f8ffc9f', 12, 10, 1, 0, 3),
(5998, '11f667697e0d1ee3dd11be116f8ffc9f', 13, 15, 1, 0, 4),
(5999, '11f667697e0d1ee3dd11be116f8ffc9f', 19, 17, 2, 0, 5),
(6000, '11f667697e0d1ee3dd11be116f8ffc9f', 16, 14, 0, 1, 4),
(6001, '11f667697e0d1ee3dd11be116f8ffc9f', 18, 20, 0, 1, 5),
(6002, '11f667697e0d1ee3dd11be116f8ffc9f', 25, 27, 1, 0, 7),
(6003, '11f667697e0d1ee3dd11be116f8ffc9f', 21, 23, 1, 0, 6),
(6004, '11f667697e0d1ee3dd11be116f8ffc9f', 24, 22, 0, 1, 6),
(6005, '11f667697e0d1ee3dd11be116f8ffc9f', 28, 26, 1, 0, 7),
(6006, '11f667697e0d1ee3dd11be116f8ffc9f', 32, 30, 0, 1, 8),
(6007, '11f667697e0d1ee3dd11be116f8ffc9f', 29, 31, 1, 0, 8),
(6008, '11f667697e0d1ee3dd11be116f8ffc9f', 4, 1, 1, 0, 1),
(6009, '11f667697e0d1ee3dd11be116f8ffc9f', 2, 3, 0, 1, 1),
(6010, '11f667697e0d1ee3dd11be116f8ffc9f', 6, 7, 0, 1, 2),
(6011, '11f667697e0d1ee3dd11be116f8ffc9f', 8, 5, 1, 0, 2),
(6012, '11f667697e0d1ee3dd11be116f8ffc9f', 12, 9, 0, 1, 3),
(6013, '11f667697e0d1ee3dd11be116f8ffc9f', 10, 11, 0, 1, 3),
(6014, '11f667697e0d1ee3dd11be116f8ffc9f', 16, 13, 0, 1, 4),
(6015, '11f667697e0d1ee3dd11be116f8ffc9f', 14, 15, 0, 1, 4),
(6016, '11f667697e0d1ee3dd11be116f8ffc9f', 24, 21, 0, 1, 6),
(6017, '11f667697e0d1ee3dd11be116f8ffc9f', 22, 23, 1, 0, 6),
(6018, '11f667697e0d1ee3dd11be116f8ffc9f', 18, 19, 0, 1, 5),
(6019, '11f667697e0d1ee3dd11be116f8ffc9f', 20, 17, 1, 0, 5),
(6020, '11f667697e0d1ee3dd11be116f8ffc9f', 32, 29, 0, 1, 8),
(6021, '11f667697e0d1ee3dd11be116f8ffc9f', 30, 31, 0, 1, 8),
(6022, '11f667697e0d1ee3dd11be116f8ffc9f', 28, 25, 0, 1, 7),
(6023, '11f667697e0d1ee3dd11be116f8ffc9f', 26, 27, 0, 1, 7),
(6299, 'ac47317b7f0d375dbf9209a6be2fccb4', 1, 2, 2, 1, 1),
(6300, 'ac47317b7f0d375dbf9209a6be2fccb4', 3, 4, 1, 1, 1),
(6301, 'ac47317b7f0d375dbf9209a6be2fccb4', 5, 6, 1, 1, 2),
(6302, 'ac47317b7f0d375dbf9209a6be2fccb4', 7, 8, 1, 1, 2),
(6303, 'ac47317b7f0d375dbf9209a6be2fccb4', 15, 13, 1, 1, 4),
(6304, 'ac47317b7f0d375dbf9209a6be2fccb4', 9, 11, 1, 1, 3),
(6305, 'ac47317b7f0d375dbf9209a6be2fccb4', 10, 12, 1, 1, 3),
(6306, 'ac47317b7f0d375dbf9209a6be2fccb4', 16, 14, 1, 1, 4),
(6307, 'ac47317b7f0d375dbf9209a6be2fccb4', 17, 18, 1, 1, 5),
(6308, 'ac47317b7f0d375dbf9209a6be2fccb4', 19, 20, 1, 1, 5),
(6309, 'ac47317b7f0d375dbf9209a6be2fccb4', 23, 24, 1, 1, 6),
(6310, 'ac47317b7f0d375dbf9209a6be2fccb4', 21, 22, 1, 1, 6),
(6311, 'ac47317b7f0d375dbf9209a6be2fccb4', 6, 8, 1, 1, 2),
(6312, 'ac47317b7f0d375dbf9209a6be2fccb4', 1, 3, 1, 1, 1),
(6313, 'ac47317b7f0d375dbf9209a6be2fccb4', 2, 4, 1, 1, 1),
(6314, 'ac47317b7f0d375dbf9209a6be2fccb4', 12, 11, 1, 1, 3),
(6315, 'ac47317b7f0d375dbf9209a6be2fccb4', 5, 7, 1, 1, 2),
(6316, 'ac47317b7f0d375dbf9209a6be2fccb4', 10, 9, 1, 1, 3),
(6317, 'ac47317b7f0d375dbf9209a6be2fccb4', 20, 18, 1, 1, 5),
(6318, 'ac47317b7f0d375dbf9209a6be2fccb4', 13, 14, 1, 1, 4),
(6319, 'ac47317b7f0d375dbf9209a6be2fccb4', 15, 16, 1, 1, 4),
(6320, 'ac47317b7f0d375dbf9209a6be2fccb4', 23, 21, 1, 1, 6),
(6321, 'ac47317b7f0d375dbf9209a6be2fccb4', 24, 22, 1, 1, 6),
(6322, 'ac47317b7f0d375dbf9209a6be2fccb4', 19, 17, 1, 1, 5),
(6323, 'ac47317b7f0d375dbf9209a6be2fccb4', 2, 3, 1, 1, 1),
(6324, 'ac47317b7f0d375dbf9209a6be2fccb4', 4, 1, 1, 1, 1),
(6325, 'ac47317b7f0d375dbf9209a6be2fccb4', 12, 9, 1, 1, 3),
(6326, 'ac47317b7f0d375dbf9209a6be2fccb4', 11, 10, 1, 1, 3),
(6327, 'ac47317b7f0d375dbf9209a6be2fccb4', 8, 5, 1, 1, 2),
(6328, 'ac47317b7f0d375dbf9209a6be2fccb4', 6, 7, 1, 1, 2),
(6329, 'ac47317b7f0d375dbf9209a6be2fccb4', 13, 16, 1, 1, 4),
(6330, 'ac47317b7f0d375dbf9209a6be2fccb4', 14, 15, 1, 1, 4),
(6331, 'ac47317b7f0d375dbf9209a6be2fccb4', 20, 17, 1, 1, 5),
(6332, 'ac47317b7f0d375dbf9209a6be2fccb4', 18, 19, 1, 1, 5),
(6333, 'ac47317b7f0d375dbf9209a6be2fccb4', 24, 21, 1, 1, 6),
(6334, 'ac47317b7f0d375dbf9209a6be2fccb4', 22, 23, 1, 1, 6),
(6371, '3dfe10c5887a9f27ba3dca051ce7d980', 1, 2, 0, 2, 1),
(6372, '3dfe10c5887a9f27ba3dca051ce7d980', 3, 4, 1, 1, 1),
(6373, '3dfe10c5887a9f27ba3dca051ce7d980', 5, 6, 3, 0, 2),
(6374, '3dfe10c5887a9f27ba3dca051ce7d980', 7, 8, 2, 1, 2),
(6375, '3dfe10c5887a9f27ba3dca051ce7d980', 15, 13, 2, 0, 4),
(6376, '3dfe10c5887a9f27ba3dca051ce7d980', 9, 11, 2, 1, 3),
(6377, '3dfe10c5887a9f27ba3dca051ce7d980', 10, 12, 2, 1, 3),
(6378, '3dfe10c5887a9f27ba3dca051ce7d980', 16, 14, 2, 1, 4),
(6379, '3dfe10c5887a9f27ba3dca051ce7d980', 17, 18, 2, 1, 5),
(6380, '3dfe10c5887a9f27ba3dca051ce7d980', 19, 20, 2, 1, 5),
(6381, '3dfe10c5887a9f27ba3dca051ce7d980', 23, 24, 0, 3, 6),
(6382, '3dfe10c5887a9f27ba3dca051ce7d980', 21, 22, 1, 1, 6),
(6383, '3dfe10c5887a9f27ba3dca051ce7d980', 6, 8, 0, 1, 2),
(6384, '3dfe10c5887a9f27ba3dca051ce7d980', 1, 3, 1, 3, 1),
(6385, '3dfe10c5887a9f27ba3dca051ce7d980', 2, 4, 1, 0, 1),
(6386, '3dfe10c5887a9f27ba3dca051ce7d980', 12, 11, 2, 1, 3),
(6387, '3dfe10c5887a9f27ba3dca051ce7d980', 5, 7, 1, 1, 2),
(6388, '3dfe10c5887a9f27ba3dca051ce7d980', 10, 9, 2, 1, 3),
(6389, '3dfe10c5887a9f27ba3dca051ce7d980', 20, 18, 2, 1, 5),
(6390, '3dfe10c5887a9f27ba3dca051ce7d980', 13, 14, 2, 1, 4),
(6391, '3dfe10c5887a9f27ba3dca051ce7d980', 15, 16, 2, 0, 4),
(6392, '3dfe10c5887a9f27ba3dca051ce7d980', 23, 21, 0, 3, 6),
(6393, '3dfe10c5887a9f27ba3dca051ce7d980', 24, 22, 1, 1, 6),
(6394, '3dfe10c5887a9f27ba3dca051ce7d980', 19, 17, 2, 1, 5),
(6395, '3dfe10c5887a9f27ba3dca051ce7d980', 2, 3, 1, 1, 1),
(6396, '3dfe10c5887a9f27ba3dca051ce7d980', 4, 1, 2, 1, 1),
(6397, '3dfe10c5887a9f27ba3dca051ce7d980', 12, 9, 1, 1, 3),
(6398, '3dfe10c5887a9f27ba3dca051ce7d980', 11, 10, 0, 3, 3),
(6399, '3dfe10c5887a9f27ba3dca051ce7d980', 8, 5, 1, 2, 2),
(6400, '3dfe10c5887a9f27ba3dca051ce7d980', 6, 7, 0, 2, 2),
(6401, '3dfe10c5887a9f27ba3dca051ce7d980', 13, 16, 2, 1, 4),
(6402, '3dfe10c5887a9f27ba3dca051ce7d980', 14, 15, 0, 3, 4),
(6403, '3dfe10c5887a9f27ba3dca051ce7d980', 20, 17, 1, 2, 5),
(6404, '3dfe10c5887a9f27ba3dca051ce7d980', 18, 19, 0, 3, 5),
(6405, '3dfe10c5887a9f27ba3dca051ce7d980', 24, 21, 1, 1, 6),
(6406, '3dfe10c5887a9f27ba3dca051ce7d980', 22, 23, 2, 1, 6),
(6485, '361aa0822966d5bcbe74b752c35aaf26', 15, 13, 1, 1, 4),
(6486, '361aa0822966d5bcbe74b752c35aaf26', 16, 14, 1, 1, 4),
(6487, '361aa0822966d5bcbe74b752c35aaf26', 13, 14, 1, 1, 4),
(6488, '361aa0822966d5bcbe74b752c35aaf26', 15, 16, 1, 1, 4),
(6489, '361aa0822966d5bcbe74b752c35aaf26', 13, 16, 1, 1, 4),
(6490, '361aa0822966d5bcbe74b752c35aaf26', 14, 15, 1, 1, 4),
(6491, '74d36f4753494bccab2c4b9a0ddec08c', 1, 2, 0, 1, 1),
(6492, '74d36f4753494bccab2c4b9a0ddec08c', 3, 4, 0, 0, 1),
(6493, '74d36f4753494bccab2c4b9a0ddec08c', 5, 6, 1, 0, 2),
(6494, '74d36f4753494bccab2c4b9a0ddec08c', 7, 8, 2, 0, 2),
(6495, '74d36f4753494bccab2c4b9a0ddec08c', 15, 13, 2, 1, 4),
(6496, '74d36f4753494bccab2c4b9a0ddec08c', 9, 11, 1, 0, 3),
(6497, '74d36f4753494bccab2c4b9a0ddec08c', 10, 12, 1, 0, 3),
(6498, '74d36f4753494bccab2c4b9a0ddec08c', 16, 14, 0, 1, 4),
(6499, '74d36f4753494bccab2c4b9a0ddec08c', 17, 18, 1, 0, 5),
(6500, '74d36f4753494bccab2c4b9a0ddec08c', 19, 20, 1, 0, 5),
(6501, '74d36f4753494bccab2c4b9a0ddec08c', 23, 24, 0, 1, 6),
(6502, '74d36f4753494bccab2c4b9a0ddec08c', 21, 22, 1, 1, 6),
(6503, '74d36f4753494bccab2c4b9a0ddec08c', 6, 8, 0, 1, 2),
(6504, '74d36f4753494bccab2c4b9a0ddec08c', 1, 3, 1, 0, 1),
(6505, '74d36f4753494bccab2c4b9a0ddec08c', 2, 4, 1, 0, 1),
(6506, '74d36f4753494bccab2c4b9a0ddec08c', 12, 11, 1, 0, 3),
(6507, '74d36f4753494bccab2c4b9a0ddec08c', 5, 7, 1, 3, 2),
(6508, '74d36f4753494bccab2c4b9a0ddec08c', 10, 9, 2, 0, 3),
(6509, '74d36f4753494bccab2c4b9a0ddec08c', 20, 18, 1, 0, 5),
(6510, '74d36f4753494bccab2c4b9a0ddec08c', 13, 14, 1, 0, 4),
(6511, '74d36f4753494bccab2c4b9a0ddec08c', 15, 16, 1, 0, 4),
(6512, '74d36f4753494bccab2c4b9a0ddec08c', 23, 21, 0, 1, 6),
(6513, '74d36f4753494bccab2c4b9a0ddec08c', 24, 22, 1, 1, 6),
(6514, '74d36f4753494bccab2c4b9a0ddec08c', 19, 17, 1, 0, 5),
(6515, '74d36f4753494bccab2c4b9a0ddec08c', 2, 3, 1, 0, 1),
(6516, '74d36f4753494bccab2c4b9a0ddec08c', 4, 1, 1, 0, 1),
(6517, '74d36f4753494bccab2c4b9a0ddec08c', 12, 9, 0, 0, 3),
(6518, '74d36f4753494bccab2c4b9a0ddec08c', 11, 10, 0, 3, 3),
(6519, '74d36f4753494bccab2c4b9a0ddec08c', 8, 5, 0, 1, 2),
(6520, '74d36f4753494bccab2c4b9a0ddec08c', 6, 7, 0, 2, 2),
(6521, '74d36f4753494bccab2c4b9a0ddec08c', 13, 16, 1, 0, 4),
(6522, '74d36f4753494bccab2c4b9a0ddec08c', 14, 15, 0, 1, 4),
(6523, '74d36f4753494bccab2c4b9a0ddec08c', 20, 17, 0, 1, 5),
(6524, '74d36f4753494bccab2c4b9a0ddec08c', 18, 19, 0, 1, 5),
(6525, '74d36f4753494bccab2c4b9a0ddec08c', 24, 21, 1, 0, 6),
(6526, '74d36f4753494bccab2c4b9a0ddec08c', 22, 23, 1, 0, 6),
(6635, '494c508fb8408b3fac24c6e83ac3ffa6', 1, 2, 1, 3, 1),
(6636, '494c508fb8408b3fac24c6e83ac3ffa6', 3, 4, 0, 1, 1),
(6637, '494c508fb8408b3fac24c6e83ac3ffa6', 5, 6, 2, 0, 2),
(6638, '494c508fb8408b3fac24c6e83ac3ffa6', 7, 8, 1, 0, 2),
(6639, '494c508fb8408b3fac24c6e83ac3ffa6', 15, 13, 1, 0, 4),
(6640, '494c508fb8408b3fac24c6e83ac3ffa6', 9, 11, 1, 0, 3),
(6641, '494c508fb8408b3fac24c6e83ac3ffa6', 10, 12, 1, 1, 3),
(6642, '494c508fb8408b3fac24c6e83ac3ffa6', 16, 14, 0, 1, 4),
(6643, '494c508fb8408b3fac24c6e83ac3ffa6', 17, 18, 1, 0, 5),
(6644, '494c508fb8408b3fac24c6e83ac3ffa6', 19, 20, 1, 0, 5),
(6645, '494c508fb8408b3fac24c6e83ac3ffa6', 23, 24, 0, 3, 6),
(6646, '494c508fb8408b3fac24c6e83ac3ffa6', 21, 22, 2, 1, 6),
(6647, '494c508fb8408b3fac24c6e83ac3ffa6', 6, 8, 0, 1, 2),
(6648, '494c508fb8408b3fac24c6e83ac3ffa6', 1, 3, 2, 0, 1),
(6649, '494c508fb8408b3fac24c6e83ac3ffa6', 2, 4, 1, 0, 1),
(6650, '494c508fb8408b3fac24c6e83ac3ffa6', 12, 11, 1, 0, 3),
(6651, '494c508fb8408b3fac24c6e83ac3ffa6', 5, 7, 2, 2, 2),
(6652, '494c508fb8408b3fac24c6e83ac3ffa6', 10, 9, 1, 0, 3),
(6653, '494c508fb8408b3fac24c6e83ac3ffa6', 20, 18, 0, 0, 5),
(6654, '494c508fb8408b3fac24c6e83ac3ffa6', 13, 14, 1, 0, 4),
(6655, '494c508fb8408b3fac24c6e83ac3ffa6', 15, 16, 1, 0, 4),
(6656, '494c508fb8408b3fac24c6e83ac3ffa6', 23, 21, 0, 3, 6),
(6657, '494c508fb8408b3fac24c6e83ac3ffa6', 24, 22, 1, 1, 6),
(6658, '494c508fb8408b3fac24c6e83ac3ffa6', 19, 17, 2, 1, 5),
(6659, '494c508fb8408b3fac24c6e83ac3ffa6', 2, 3, 3, 1, 1),
(6660, '494c508fb8408b3fac24c6e83ac3ffa6', 4, 1, 1, 1, 1),
(6661, '494c508fb8408b3fac24c6e83ac3ffa6', 12, 9, 1, 1, 3),
(6662, '494c508fb8408b3fac24c6e83ac3ffa6', 11, 10, 0, 1, 3),
(6663, '494c508fb8408b3fac24c6e83ac3ffa6', 8, 5, 0, 1, 2),
(6664, '494c508fb8408b3fac24c6e83ac3ffa6', 6, 7, 0, 2, 2),
(6665, '494c508fb8408b3fac24c6e83ac3ffa6', 13, 16, 1, 0, 4),
(6666, '494c508fb8408b3fac24c6e83ac3ffa6', 14, 15, 0, 1, 4),
(6667, '494c508fb8408b3fac24c6e83ac3ffa6', 20, 17, 0, 1, 5),
(6668, '494c508fb8408b3fac24c6e83ac3ffa6', 18, 19, 0, 1, 5),
(6669, '494c508fb8408b3fac24c6e83ac3ffa6', 24, 21, 1, 1, 6),
(6670, '494c508fb8408b3fac24c6e83ac3ffa6', 22, 23, 3, 0, 6);

-- --------------------------------------------------------

--
-- Tabelstructuur voor tabel `gebruiker`
--

CREATE TABLE `gebruiker` (
  `id` int(11) NOT NULL,
  `email` text,
  `paswoord` text,
  `status` int(1) DEFAULT NULL,
  `idrole` int(1) DEFAULT NULL
) ENGINE=InnoDB DEFAULT CHARSET=utf8;

--
-- Gegevens worden geëxporteerd voor tabel `gebruiker`
--

INSERT INTO `gebruiker` (`id`, `email`, `paswoord`, `status`, `idrole`) VALUES
(1, 'thomas_vanhuysse@hotmail.com', '166df0c06be86661f1f33fc793b59df5', 1, 1);

-- --------------------------------------------------------

--
-- Tabelstructuur voor tabel `mb_cat`
--

CREATE TABLE `mb_cat` (
  `id` int(11) NOT NULL,
  `cat` varchar(1) NOT NULL,
  `punten` varchar(500) NOT NULL
) ENGINE=MyISAM DEFAULT CHARSET=latin1;

--
-- Gegevens worden geëxporteerd voor tabel `mb_cat`
--

INSERT INTO `mb_cat` (`id`, `cat`, `punten`) VALUES
(1, 'A', '2500–2000–1500–1300–1100–1000–900–800–700–600–550–500–450–400–350–300–250–230–210–190–170–150–130–110–100–90–80–70–60–50'),
(2, 'B', '1750–1300–1000–800–600–500–400–350–300–250–200–180–160–140–120–100–90–80–70–60–50–45–40–35–30–30–30–30–30–30'),
(3, 'C', '1250 – 1000 – 700 – 500 – 400 – 350 – 300 – 250 – 200 – 150 – 140 – 130 – 120 – 110 – 100 – 90 – 80 – 70 – 60 – 50');

-- --------------------------------------------------------

--
-- Tabelstructuur voor tabel `mb_deelnemers`
--

CREATE TABLE `mb_deelnemers` (
  `id` int(11) NOT NULL,
  `naam` varchar(50) NOT NULL,
  `ploegnaam` varchar(100) NOT NULL,
  `email` varchar(50) NOT NULL,
  `betaald` tinyint(11) NOT NULL,
  `prono` varchar(500) NOT NULL,
  `timestamp` datetime NOT NULL DEFAULT CURRENT_TIMESTAMP
) ENGINE=MyISAM DEFAULT CHARSET=latin1;

--
-- Gegevens worden geëxporteerd voor tabel `mb_deelnemers`
--

INSERT INTO `mb_deelnemers` (`id`, `naam`, `ploegnaam`, `email`, `betaald`, `prono`, `timestamp`) VALUES
(5, 'Steve Van den Broeck', 'VDB CYCLING TEAM', 'Steve.VandenBroeck@winsol.eu', 1, '2-19-104-141-492-216-198-68-625-647-56-564', '2019-02-23 17:45:55'),
(6, 'Kristof Decroix', 'Pottes-Stampers', 'kristof.decroix@winsol.eu', 1, '10-28-56-71-90-104-176-163-285-615-155-278', '2019-02-23 18:02:50'),
(7, 'Thomas Vanhuysse', 'De Flandriens', 'thomas.vanhuysse@winsol.eu', 1, '10-56-188-20-86-69-28-104-947-915-941-743', '2019-02-24 18:20:58'),
(8, 'Simon Hemeryck', 'De WINBALU Derailleurs', 'Simon.Hemeryck@winsol.eu', 1, '37-81-20-123-21-56-174-176-188-209-285-425', '2019-02-25 07:33:41'),
(9, 'Thomas De Cauwer', 'Team Voorjaar19', 'thomas.decauwer@winsol.eu', 1, '34-111-121-188-37-183-56-69-947-10-564-516', '2019-02-26 17:36:16'),
(10, 'Kris Planckaert', 'Mantis OWH', 'kris.planckaert@winsol.eu', 1, '2-20-56-71-86-91-188-331-408-507-947-891', '2019-02-27 11:15:38'),
(11, 'Bjorn Beke', 'De Achtervolgers', 'bjorn.beke@winsol.eu', 1, '2-20-39-81-86-123-165-371-516-563-625-701', '2019-02-27 11:17:50'),
(12, 'Danny Vanseveren', 'Jempi', 'danny.vanseveren@winsol.eu', 1, '34-37-38-41-76-86-90-91-121-390-625-828', '2019-02-28 05:50:56'),
(13, 'Michiel Goethals', 'Marcel', 'michiel.goethals@winsol.eu', 1, '10-28-37-85-86-90-121-159-165-390-625-710', '2019-02-28 21:23:19'),
(14, 'Sandra Logghe', 'Cyclo Wacko', 'Sandra.Logghe@winsol.eu', 1, '43-56-27-38-86-4-825-947-968-141-870-918', '2019-03-01 05:10:12'),
(15, 'Sandra Logghe II', 'The Belgian Goldies', 'Sandra.Logghe@winsol.eu', 1, '10-56-121-34-37-38-86-141-472-875-947-969', '2019-03-01 05:13:00'),
(16, 'Niels Vanhevel', 'Briek', 'Niels.Vanhevel@winsol.eu', 1, '20-21-37-81-86-90-98-121-165-390-391-625', '2019-03-01 06:45:00'),
(17, 'Sam Roels', 'Buffalo Bill Riders', 'sam.roels@winsol.eu', 1, '5-31-29-38-60-185-515-285-165-849-947-942', '2019-03-01 07:31:59'),
(18, 'Fabien Vanooteghem', 'Fabien', 'Fabien.Vanooteghem@winsol.eu', 1, '2-10-21-56-947-193-295-590-358-331-684-664', '2019-03-01 12:15:31'),
(19, 'Sophie Devriese', 'Veilig hart Winsol', 'Sophie.Devriese@winsol.eu', 0, '37-614-947-410-38-785-2-516-10-104-297-681', '2019-03-01 12:24:52'),
(20, 'Peter Deldaele', 'De Gazettecoureurs', 'peter.deldaele@winsol.eu', 1, '2-91-56-86-121-176-188-126-153-278-297-285', '2019-03-01 12:52:52'),
(21, 'Mike Vervaecke', 'PRO SDW', 'Mike.Vervaecke@winsol.eu', 1, '2-34-105-141-148-212-231-272-289-398-27-756', '2019-03-01 12:54:50'),
(22, 'Wim Toebat', 'Bosmolenscyclingteam', 'Wim.Toebat@winsol.eu', 1, '37-56-62-64-69-81-91-104-123-126-356-453', '2019-03-01 13:48:50'),
(23, 'Laurens Hostens', 'Team Gedong', 'Laurens.Hostens@winsol.eu', 1, '27-358-76-2-356-69-56-504-314-188-507-216', '2019-03-01 15:28:18'),
(24, 'Wim Windels', 'Ribbedebie', 'Wim.Windels@winsol.eu', 1, '10-28-37-38-69-86-121-331-356-390-710-947', '2019-03-01 16:28:06'),
(25, 'Sylvie Delva', 'De Natte Zoate', 'Sylvie.Delva@winsol.eu', 1, '10-20-56-62-91-81-104-188-297-472-625-947', '2019-03-01 16:48:21');

-- --------------------------------------------------------

--
-- Tabelstructuur voor tabel `mb_deelnemers_renners`
--

CREATE TABLE `mb_deelnemers_renners` (
  `id` int(11) NOT NULL,
  `id_deelnemer` int(11) NOT NULL,
  `id_renner` int(11) NOT NULL
) ENGINE=MyISAM DEFAULT CHARSET=latin1;

--
-- Gegevens worden geëxporteerd voor tabel `mb_deelnemers_renners`
--

INSERT INTO `mb_deelnemers_renners` (`id`, `id_deelnemer`, `id_renner`) VALUES
(1, 5, 2),
(2, 5, 19),
(3, 5, 104),
(4, 5, 141),
(5, 5, 492),
(6, 5, 216),
(7, 5, 198),
(8, 5, 68),
(9, 5, 625),
(10, 5, 647),
(11, 5, 56),
(12, 5, 564),
(13, 6, 10),
(14, 6, 28),
(15, 6, 56),
(16, 6, 71),
(17, 6, 90),
(18, 6, 104),
(19, 6, 176),
(20, 6, 163),
(21, 6, 285),
(22, 6, 615),
(23, 6, 155),
(24, 6, 278),
(25, 7, 10),
(26, 7, 56),
(27, 7, 188),
(28, 7, 20),
(29, 7, 86),
(30, 7, 69),
(31, 7, 28),
(32, 7, 104),
(33, 7, 947),
(34, 7, 915),
(35, 7, 941),
(36, 7, 743),
(37, 8, 37),
(38, 8, 81),
(39, 8, 20),
(40, 8, 123),
(41, 8, 21),
(42, 8, 56),
(43, 8, 174),
(44, 8, 176),
(45, 8, 188),
(46, 8, 209),
(47, 8, 285),
(48, 8, 425),
(49, 9, 34),
(50, 9, 111),
(51, 9, 121),
(52, 9, 188),
(53, 9, 37),
(54, 9, 183),
(55, 9, 56),
(56, 9, 69),
(57, 9, 947),
(58, 9, 10),
(59, 9, 564),
(60, 9, 516),
(61, 10, 2),
(62, 10, 20),
(63, 10, 56),
(64, 10, 71),
(65, 10, 86),
(66, 10, 91),
(67, 10, 188),
(68, 10, 331),
(69, 10, 408),
(70, 10, 507),
(71, 10, 947),
(72, 10, 891),
(73, 11, 2),
(74, 11, 20),
(75, 11, 39),
(76, 11, 81),
(77, 11, 86),
(78, 11, 123),
(79, 11, 165),
(80, 11, 371),
(81, 11, 516),
(82, 11, 563),
(83, 11, 625),
(84, 11, 701),
(85, 12, 34),
(86, 12, 37),
(87, 12, 38),
(88, 12, 41),
(89, 12, 76),
(90, 12, 86),
(91, 12, 90),
(92, 12, 91),
(93, 12, 121),
(94, 12, 390),
(95, 12, 625),
(96, 12, 828),
(97, 13, 10),
(98, 13, 28),
(99, 13, 37),
(100, 13, 85),
(101, 13, 86),
(102, 13, 90),
(103, 13, 121),
(104, 13, 159),
(105, 13, 165),
(106, 13, 390),
(107, 13, 625),
(108, 13, 710),
(109, 14, 43),
(110, 14, 56),
(111, 14, 27),
(112, 14, 38),
(113, 14, 86),
(114, 14, 4),
(115, 14, 825),
(116, 14, 947),
(117, 14, 968),
(118, 14, 141),
(119, 14, 870),
(120, 14, 918),
(121, 15, 10),
(122, 15, 56),
(123, 15, 121),
(124, 15, 34),
(125, 15, 37),
(126, 15, 38),
(127, 15, 86),
(128, 15, 141),
(129, 15, 472),
(130, 15, 875),
(131, 15, 947),
(132, 15, 969),
(133, 16, 20),
(134, 16, 21),
(135, 16, 37),
(136, 16, 81),
(137, 16, 86),
(138, 16, 90),
(139, 16, 98),
(140, 16, 121),
(141, 16, 165),
(142, 16, 390),
(143, 16, 391),
(144, 16, 625),
(145, 17, 5),
(146, 17, 31),
(147, 17, 29),
(148, 17, 38),
(149, 17, 60),
(150, 17, 185),
(151, 17, 515),
(152, 17, 285),
(153, 17, 165),
(154, 17, 849),
(155, 17, 947),
(156, 17, 942),
(157, 18, 2),
(158, 18, 10),
(159, 18, 21),
(160, 18, 56),
(161, 18, 947),
(162, 18, 193),
(163, 18, 295),
(164, 18, 590),
(165, 18, 358),
(166, 18, 331),
(167, 18, 684),
(168, 18, 664),
(169, 19, 37),
(170, 19, 614),
(171, 19, 947),
(172, 19, 410),
(173, 19, 38),
(174, 19, 785),
(175, 19, 2),
(176, 19, 516),
(177, 19, 10),
(178, 19, 104),
(179, 19, 297),
(180, 19, 681),
(181, 20, 2),
(182, 20, 91),
(183, 20, 56),
(184, 20, 86),
(185, 20, 121),
(186, 20, 176),
(187, 20, 188),
(188, 20, 126),
(189, 20, 153),
(190, 20, 278),
(191, 20, 297),
(192, 20, 285),
(193, 21, 2),
(194, 21, 34),
(195, 21, 105),
(196, 21, 141),
(197, 21, 148),
(198, 21, 212),
(199, 21, 231),
(200, 21, 272),
(201, 21, 289),
(202, 21, 398),
(203, 21, 27),
(204, 21, 756),
(205, 22, 37),
(206, 22, 56),
(207, 22, 62),
(208, 22, 64),
(209, 22, 69),
(210, 22, 81),
(211, 22, 91),
(212, 22, 104),
(213, 22, 123),
(214, 22, 126),
(215, 22, 356),
(216, 22, 453),
(217, 23, 27),
(218, 23, 358),
(219, 23, 76),
(220, 23, 2),
(221, 23, 356),
(222, 23, 69),
(223, 23, 56),
(224, 23, 504),
(225, 23, 314),
(226, 23, 188),
(227, 23, 507),
(228, 23, 216),
(229, 24, 10),
(230, 24, 28),
(231, 24, 37),
(232, 24, 38),
(233, 24, 69),
(234, 24, 86),
(235, 24, 121),
(236, 24, 331),
(237, 24, 356),
(238, 24, 390),
(239, 24, 710),
(240, 24, 947),
(241, 25, 10),
(242, 25, 20),
(243, 25, 56),
(244, 25, 62),
(245, 25, 91),
(246, 25, 81),
(247, 25, 104),
(248, 25, 188),
(249, 25, 297),
(250, 25, 472),
(251, 25, 625),
(252, 25, 947);

-- --------------------------------------------------------

--
-- Tabelstructuur voor tabel `mb_deelnemers_wedstrijdscore`
--

CREATE TABLE `mb_deelnemers_wedstrijdscore` (
  `id` int(11) NOT NULL,
  `id_wedstrijd` int(11) NOT NULL,
  `id_deelnemer` int(11) NOT NULL,
  `score` int(11) NOT NULL
) ENGINE=MyISAM DEFAULT CHARSET=latin1;

--
-- Gegevens worden geëxporteerd voor tabel `mb_deelnemers_wedstrijdscore`
--

INSERT INTO `mb_deelnemers_wedstrijdscore` (`id`, `id_wedstrijd`, `id_deelnemer`, `score`) VALUES
(19, 1, 5, 400),
(20, 2, 5, 650),
(21, 3, 5, 200),
(22, 4, 5, 50),
(23, 5, 5, 0),
(24, 6, 5, 1700),
(25, 7, 5, 0),
(26, 8, 5, 220),
(27, 9, 5, 2630),
(28, 10, 5, 1980),
(29, 11, 5, 3680),
(30, 12, 5, 0),
(31, 13, 5, 2600),
(32, 14, 5, 1250),
(33, 15, 5, 1750),
(34, 16, 5, 0),
(35, 17, 5, 0),
(36, 1, 6, 1900),
(37, 2, 6, 900),
(38, 3, 6, 700),
(39, 4, 6, 1300),
(40, 5, 6, 220),
(41, 6, 6, 1150),
(42, 7, 6, 0),
(43, 8, 6, 1280),
(44, 9, 6, 980),
(45, 10, 6, 1640),
(46, 11, 6, 2650),
(47, 12, 6, 0),
(48, 13, 6, 2060),
(49, 14, 6, 1250),
(50, 15, 6, 1890),
(51, 16, 6, 0),
(52, 17, 6, 800),
(53, 1, 7, 3480),
(54, 2, 7, 400),
(55, 3, 7, 1500),
(56, 4, 7, 0),
(57, 5, 7, 100),
(58, 6, 7, 0),
(59, 7, 7, 0),
(60, 8, 7, 2830),
(61, 9, 7, 950),
(62, 10, 7, 1660),
(63, 11, 7, 2460),
(64, 12, 7, 0),
(65, 13, 7, 4180),
(66, 14, 7, 1250),
(67, 15, 7, 1890),
(68, 16, 7, 0),
(69, 17, 7, 0),
(70, 1, 8, 840),
(71, 2, 8, 700),
(72, 3, 8, 800),
(73, 4, 8, 0),
(74, 5, 8, 180),
(75, 6, 8, 80),
(76, 7, 8, 0),
(77, 8, 8, 980),
(78, 9, 8, 370),
(79, 10, 8, 950),
(80, 11, 8, 3040),
(81, 12, 8, 0),
(82, 13, 8, 3810),
(83, 14, 8, 0),
(84, 15, 8, 0),
(85, 16, 8, 0),
(86, 17, 8, 0),
(87, 1, 9, 3760),
(88, 2, 9, 500),
(89, 3, 9, 2100),
(90, 4, 9, 450),
(91, 5, 9, 680),
(92, 6, 9, 2000),
(93, 7, 9, 0),
(94, 8, 9, 3280),
(95, 9, 9, 1470),
(96, 10, 9, 760),
(97, 11, 9, 2450),
(98, 12, 9, 0),
(99, 13, 9, 3250),
(100, 14, 9, 400),
(101, 15, 9, 670),
(102, 16, 9, 845),
(103, 17, 9, 680),
(104, 1, 10, 730),
(105, 2, 10, 510),
(106, 3, 10, 200),
(107, 4, 10, 0),
(108, 5, 10, 120),
(109, 6, 10, 2700),
(110, 7, 10, 0),
(111, 8, 10, 570),
(112, 9, 10, 490),
(113, 10, 10, 560),
(114, 11, 10, 1280),
(115, 12, 10, 0),
(116, 13, 10, 4380),
(117, 14, 10, 0),
(118, 15, 10, 250),
(119, 16, 10, 0),
(120, 17, 10, 800),
(121, 1, 11, 100),
(122, 2, 11, 500),
(123, 3, 11, 0),
(124, 4, 11, 0),
(125, 5, 11, 0),
(126, 6, 11, 1610),
(127, 7, 11, 1400),
(128, 8, 11, 590),
(129, 9, 11, 200),
(130, 10, 11, 530),
(131, 11, 11, 2040),
(132, 12, 11, 0),
(133, 13, 11, 5490),
(134, 14, 11, 0),
(135, 15, 11, 0),
(136, 16, 11, 0),
(137, 17, 11, 0),
(237, 16, 14, 0),
(236, 15, 14, 30),
(235, 14, 14, 0),
(234, 13, 14, 5370),
(233, 12, 14, 0),
(232, 11, 14, 410),
(231, 10, 14, 250),
(230, 9, 14, 1455),
(229, 8, 14, 445),
(228, 7, 14, 700),
(227, 6, 14, 0),
(226, 5, 14, 0),
(225, 4, 14, 350),
(224, 3, 14, 200),
(223, 2, 14, 1100),
(222, 1, 14, 810),
(221, 17, 13, 0),
(220, 16, 13, 0),
(219, 15, 13, 140),
(218, 14, 13, 0),
(217, 13, 13, 2800),
(216, 12, 13, 0),
(215, 11, 13, 1480),
(214, 10, 13, 820),
(213, 9, 13, 630),
(212, 8, 13, 1160),
(211, 7, 13, 1150),
(210, 6, 13, 880),
(209, 5, 13, 280),
(208, 4, 13, 0),
(207, 3, 13, 1180),
(206, 2, 13, 100),
(205, 1, 13, 1430),
(204, 17, 12, 700),
(203, 16, 12, 140),
(202, 15, 12, 310),
(201, 14, 12, 0),
(200, 13, 12, 4250),
(199, 12, 12, 0),
(198, 11, 12, 1950),
(197, 10, 12, 810),
(196, 9, 12, 1935),
(195, 8, 12, 1110),
(194, 7, 12, 0),
(193, 6, 12, 2950),
(192, 5, 12, 340),
(191, 4, 12, 1050),
(190, 3, 12, 1080),
(189, 2, 12, 100),
(188, 1, 12, 2340),
(238, 17, 14, 0),
(239, 1, 15, 2300),
(240, 2, 15, 500),
(241, 3, 15, 1300),
(242, 4, 15, 800),
(243, 5, 15, 280),
(244, 6, 15, 2000),
(245, 7, 15, 0),
(246, 8, 15, 1730),
(247, 9, 15, 1515),
(248, 10, 15, 710),
(249, 11, 15, 2550),
(250, 12, 15, 0),
(251, 13, 15, 6250),
(252, 14, 15, 0),
(253, 15, 15, 200),
(254, 16, 15, 0),
(255, 17, 15, 50),
(256, 1, 16, 40),
(257, 2, 16, 100),
(258, 3, 16, 680),
(259, 4, 16, 0),
(260, 5, 16, 180),
(261, 6, 16, 580),
(262, 7, 16, 500),
(263, 8, 16, 320),
(264, 9, 16, 610),
(265, 10, 16, 930),
(266, 11, 16, 1140),
(267, 12, 16, 0),
(268, 13, 16, 2280),
(269, 14, 16, 0),
(270, 15, 16, 30),
(271, 16, 16, 60),
(272, 17, 16, 60),
(273, 1, 17, 350),
(274, 2, 17, 0),
(275, 3, 17, 3050),
(276, 4, 17, 350),
(277, 5, 17, 1500),
(278, 6, 17, 2730),
(279, 7, 17, 150),
(280, 8, 17, 200),
(281, 9, 17, 75),
(282, 10, 17, 70),
(283, 11, 17, 0),
(284, 12, 17, 0),
(285, 13, 17, 3400),
(286, 14, 17, 1000),
(287, 15, 17, 1830),
(288, 16, 17, 3050),
(289, 17, 17, 2800),
(290, 1, 18, 1750),
(291, 2, 18, 510),
(292, 3, 18, 700),
(293, 4, 18, 0),
(294, 5, 18, 100),
(295, 6, 18, 1750),
(296, 7, 18, 110),
(297, 8, 18, 1330),
(298, 9, 18, 60),
(299, 10, 18, 250),
(300, 11, 18, 1450),
(301, 12, 18, 90),
(302, 13, 18, 3100),
(303, 14, 18, 0),
(304, 15, 18, 170),
(305, 16, 18, 0),
(306, 17, 18, 0),
(307, 1, 19, 1680),
(308, 2, 19, 0),
(309, 3, 19, 1100),
(310, 4, 19, 350),
(311, 5, 19, 280),
(312, 6, 19, 1300),
(313, 7, 19, 0),
(314, 8, 19, 1390),
(315, 9, 19, 1065),
(316, 10, 19, 1650),
(317, 11, 19, 3150),
(318, 12, 19, 0),
(319, 13, 19, 4100),
(320, 14, 19, 1250),
(321, 15, 19, 1920),
(322, 16, 19, 0),
(323, 17, 19, 0),
(324, 1, 20, 930),
(325, 2, 20, 1000),
(326, 3, 20, 200),
(327, 4, 20, 0),
(328, 5, 20, 40),
(329, 6, 20, 1900),
(330, 7, 20, 0),
(331, 8, 20, 710),
(332, 9, 20, 770),
(333, 10, 20, 440),
(334, 11, 20, 1570),
(335, 12, 20, 0),
(336, 13, 20, 3960),
(337, 14, 20, 0),
(338, 15, 20, 250),
(339, 16, 20, 0),
(340, 17, 20, 0),
(341, 1, 21, 310),
(342, 2, 21, 700),
(343, 3, 21, 0),
(344, 4, 21, 450),
(345, 5, 21, 50),
(346, 6, 21, 3300),
(347, 7, 21, 140),
(348, 8, 21, 560),
(349, 9, 21, 1040),
(350, 10, 21, 60),
(351, 11, 21, 1450),
(352, 12, 21, 0),
(353, 13, 21, 1550),
(354, 14, 21, 0),
(355, 15, 21, 80),
(356, 16, 21, 0),
(357, 17, 21, 0),
(358, 1, 22, 2640),
(359, 2, 22, 400),
(360, 3, 22, 1600),
(361, 4, 22, 0),
(362, 5, 22, 220),
(363, 6, 22, 740),
(364, 7, 22, 0),
(365, 8, 22, 3010),
(366, 9, 22, 1390),
(367, 10, 22, 1900),
(368, 11, 22, 3870),
(369, 12, 22, 1250),
(370, 13, 22, 4900),
(371, 14, 22, 1250),
(372, 15, 22, 2000),
(373, 16, 22, 0),
(374, 17, 22, 0),
(375, 1, 23, 3090),
(376, 2, 23, 1100),
(377, 3, 23, 1400),
(378, 4, 23, 0),
(379, 5, 23, 160),
(380, 6, 23, 1850),
(381, 7, 23, 250),
(382, 8, 23, 2040),
(383, 9, 23, 40),
(384, 10, 23, 450),
(385, 11, 23, 800),
(386, 12, 23, 0),
(387, 13, 23, 3800),
(388, 14, 23, 0),
(389, 15, 23, 0),
(390, 16, 23, 0),
(391, 17, 23, 0),
(392, 1, 24, 3530),
(393, 2, 24, 210),
(394, 3, 24, 1980),
(395, 4, 24, 350),
(396, 5, 24, 280),
(397, 6, 24, 0),
(398, 7, 24, 0),
(399, 8, 24, 3050),
(400, 9, 24, 515),
(401, 10, 24, 400),
(402, 11, 24, 1400),
(403, 12, 24, 0),
(404, 13, 24, 5200),
(405, 14, 24, 0),
(406, 15, 24, 170),
(407, 16, 24, 0),
(408, 17, 24, 0),
(409, 1, 25, 2030),
(410, 2, 25, 400),
(411, 3, 25, 700),
(412, 4, 25, 0),
(413, 5, 25, 100),
(414, 6, 25, 600),
(415, 7, 25, 0),
(416, 8, 25, 1480),
(417, 9, 25, 1430),
(418, 10, 25, 2010),
(419, 11, 25, 2610),
(420, 12, 25, 1250),
(421, 13, 25, 2080),
(422, 14, 25, 1250),
(423, 15, 25, 2140),
(424, 16, 25, 0),
(425, 17, 25, 50);

-- --------------------------------------------------------

--
-- Tabelstructuur voor tabel `mb_renners`
--

CREATE TABLE `mb_renners` (
  `code` int(11) NOT NULL,
  `renner` varchar(50) NOT NULL,
  `voornaam` varchar(50) NOT NULL,
  `ploeg` varchar(50) NOT NULL,
  `punten` int(11) NOT NULL
) ENGINE=MyISAM DEFAULT CHARSET=latin1;

--
-- Gegevens worden geëxporteerd voor tabel `mb_renners`
--

INSERT INTO `mb_renners` (`code`, `renner`, `voornaam`, `ploeg`, `punten`) VALUES
(1, 'VALVERDE', 'Alejandro', 'MOVISTAR TEAM', 2884),
(2, 'SAGAN', 'Peter', 'BORA - HANSGROHE', 2278),
(3, 'YATES', 'Simon Philip', 'MITCHELTON - SCOTT', 2261),
(4, 'VIVIANI', 'Elia', 'DECEUNINCK  -  QUICK - STEP', 2186),
(5, 'ALAPHILIPPE', 'Julian', 'DECEUNINCK  -  QUICK - STEP', 2085),
(6, 'THOMAS', 'Geraint', 'TEAM SKY', 1961),
(7, 'DUMOULIN', 'Tom', 'TEAM SUNWEB', 1774),
(8, 'ROGLI', 'Primo', 'TEAM JUMBO - VISMA', 1709),
(9, 'PINOT', 'Thibaut', 'GROUPAMA - FDJ', 1696),
(10, 'VAN AVERMAET', 'Greg', 'CCC TEAM', 1639),
(11, 'LOPEZ MORENO', 'Miguel Angel', 'ASTANA PRO TEAM', 1601),
(12, 'WELLENS', 'Tim', 'LOTTO SOUDAL', 1567),
(13, 'KWIATKOWSKI', 'Michal', 'TEAM SKY', 1549),
(14, 'BARDET', 'Romain', 'AG2R LA MONDIALE', 1492),
(15, 'FROOME', 'Chris', 'TEAM SKY', 1415),
(16, 'DEMARE', 'Arnaud', 'GROUPAMA - FDJ', 1336),
(17, 'MATTHEWS', 'Michael', 'TEAM SUNWEB', 1325),
(18, 'ACKERMANN', 'Pascal', 'BORA - HANSGROHE', 1275),
(19, 'KRISTOFF', 'Alexander', 'UAE TEAM EMIRATES', 1253),
(20, 'STUYVEN', 'Jasper', 'TREK - SEGAFREDO', 1253),
(21, 'COLBRELLI', 'Sonny', 'BAHRAIN - MERIDA', 1174),
(22, 'IZAGUIRRE INSAUSTI', 'Ion', 'ASTANA PRO TEAM', 1155),
(23, 'POZZOVIVO', 'Domenico', 'BAHRAIN - MERIDA', 1146),
(24, 'BERNAL GOMEZ', 'Egan Arley', 'TEAM SKY', 1130),
(25, 'QUINTANA', 'Nairo', 'MOVISTAR TEAM', 1118),
(26, 'MOLLEMA', 'Bauke', 'TREK - SEGAFREDO', 1105),
(27, 'TERPSTRA', 'Niki', 'DIRECT ENERGIE', 1097),
(28, 'VALGREN ANDERSEN', 'Michael', 'TEAM DIMENSION DATA', 1071),
(29, 'KRUIJSWIJK', 'Steven', 'TEAM JUMBO - VISMA', 1062),
(30, 'DENNIS', 'Rohan', 'BAHRAIN - MERIDA', 1048),
(31, 'FUGLSANG', 'Jakob', 'ASTANA PRO TEAM', 1045),
(32, 'MOSCON', 'Gianni', 'TEAM SKY', 1039),
(33, 'IMPEY', 'Daryl', 'MITCHELTON - SCOTT', 1018),
(34, 'NAESEN', 'Oliver', 'AG2R LA MONDIALE', 1015),
(35, 'MOHORIC', 'Matej', 'BAHRAIN - MERIDA', 1013),
(36, 'URAN', 'Rigoberto', 'EF EDUCATION FIRST', 984),
(37, 'BENOOT', 'Tiesj', 'LOTTO SOUDAL', 961),
(38, 'GILBERT', 'Philippe', 'DECEUNINCK  -  QUICK - STEP', 949),
(39, 'GROENEWEGEN', 'Dylan', 'TEAM JUMBO - VISMA', 935),
(40, 'JUNGELS', 'Bob', 'DECEUNINCK  -  QUICK - STEP', 917),
(41, 'TEUNS', 'Dylan', 'BAHRAIN - MERIDA', 911),
(42, 'SANCHEZ', 'Luis Le?n', 'ASTANA PRO TEAM', 909),
(43, 'DEGENKOLB', 'John', 'TREK - SEGAFREDO', 906),
(44, 'MARTIN', 'Daniel', 'UAE TEAM EMIRATES', 904),
(45, 'MAS NICOLAU', 'Enric', 'DECEUNINCK  -  QUICK - STEP', 897),
(46, 'IZAGIRRE INSAUSTI', 'Gorka', 'ASTANA PRO TEAM', 884),
(47, 'PORTE', 'Richie', 'TREK - SEGAFREDO', 868),
(48, 'WOODS', 'Michael', 'EF EDUCATION FIRST', 868),
(49, 'BENNETT', 'George', 'TEAM JUMBO - VISMA', 860),
(50, 'YATES', 'Adam', 'MITCHELTON - SCOTT', 854),
(51, 'PRADES REVERTER', 'Eduard', 'MOVISTAR TEAM', 846),
(52, 'CARAPAZ', 'Richard', 'MOVISTAR TEAM', 840),
(53, 'LATOUR', 'Pierre', 'AG2R LA MONDIALE', 810),
(54, 'LAPORTE', 'Christophe', 'COFIDIS SOLUTIONS CREDITS', 808),
(55, 'KONRAD', 'Patrick', 'BORA - HANSGROHE', 807),
(56, 'LAMPAERT', 'Yves', 'DECEUNINCK  -  QUICK - STEP', 804),
(57, 'ULISSI', 'Diego', 'UAE TEAM EMIRATES', 802),
(58, 'DUPONT', 'Timothy', 'WANTY - GOBERT CYCLING TEAM', 800),
(59, 'BENNETT', 'Sam', 'BORA - HANSGROHE', 790),
(60, 'MAJKA', 'Rafal', 'BORA - HANSGROHE', 790),
(61, 'LANDA MEANA', 'Mikel', 'MOVISTAR TEAM', 779),
(62, 'JAKOBSEN', 'Fabio', 'DECEUNINCK  -  QUICK - STEP', 777),
(63, 'SCHACHMANN', 'Maximilian', 'BORA - HANSGROHE', 777),
(64, 'EWAN', 'Caleb', 'LOTTO SOUDAL', 776),
(65, 'PASQUALON', 'Andrea', 'WANTY - GOBERT CYCLING TEAM', 769),
(66, 'SOLER', 'Marc', 'MOVISTAR TEAM', 767),
(67, 'VAN POPPEL', 'Danny', 'TEAM JUMBO - VISMA', 755),
(68, 'GREIPEL', 'Andr', 'TEAM ARKEA - SAMSIC', 735),
(69, 'STYBAR', 'Zdenk', 'DECEUNINCK  -  QUICK - STEP', 724),
(70, 'FORMOLO', 'Davide', 'BORA - HANSGROHE', 698),
(71, 'NIBALI', 'Vincenzo', 'BAHRAIN - MERIDA', 693),
(72, 'HAGEN', 'Edvald Boasson', 'TEAM DIMENSION DATA', 686),
(73, 'BUCHMANN', 'Emanuel', 'BORA - HANSGROHE', 679),
(74, 'KELDERMAN', 'Wilco', 'TEAM SUNWEB', 678),
(75, 'CARUSO', 'Damiano', 'BAHRAIN - MERIDA', 676),
(76, 'LUTSENKO', 'Alexey', 'ASTANA PRO TEAM', 667),
(77, 'HOFSTETTER', 'Hugo', 'COFIDIS SOLUTIONS CREDITS', 659),
(78, 'OOMEN', 'Sam', 'TEAM SUNWEB', 648),
(79, 'SOSA CUERVO', 'Ivan Ramiro', 'TEAM SKY', 647),
(80, 'MOLARD', 'Rudy', 'GROUPAMA - FDJ', 617),
(81, 'PEDERSEN', 'Mads', 'TREK - SEGAFREDO', 606),
(82, 'BILBAO LOPEZ DE ARMENTIA', 'Pello', 'ASTANA PRO TEAM', 605),
(83, 'MARTIN', 'Guillaume', 'WANTY - GOBERT CYCLING TEAM', 605),
(84, 'HERMANS', 'Ben', 'ISRAEL CYCLING ACADEMY', 603),
(85, 'GAVIRIA RENDON', 'Fernando', 'UAE TEAM EMIRATES', 602),
(86, 'VANMARCKE', 'Sep', 'EF EDUCATION FIRST', 600),
(87, 'CANOLA', 'Marco', 'NIPPO - VINI FANTINI - FAIZANE\'', 599),
(88, 'KRAGH ANDERSEN', 'S?ren', 'TEAM SUNWEB', 589),
(89, 'KREUZIGER', 'Roman', 'TEAM DIMENSION DATA', 588),
(90, 'NIELSEN', 'Magnus Cort', 'ASTANA PRO TEAM', 581),
(91, 'TRENTIN', 'Matteo', 'MITCHELTON - SCOTT', 581),
(92, 'COSTA', 'Rui', 'UAE TEAM EMIRATES', 578),
(93, 'VISCONTI', 'Giovanni', 'NERI SOTTOLI SELLE ITALIA KTM', 577),
(94, 'BELLETTI', 'Manuel', 'ANDRONI GIOCATTOLI - SIDERMEC', 576),
(95, 'SKUJINS', 'Toms', 'TREK - SEGAFREDO', 575),
(96, 'CALMEJANE', 'Lilian', 'DIRECT ENERGIE', 569),
(97, 'TRATNIK', 'Jan', 'BAHRAIN - MERIDA', 567),
(98, 'HENAO MONTOYA', 'Sergio Luis', 'UAE TEAM EMIRATES', 561),
(99, 'MADOUAS', 'Valentin', 'GROUPAMA - FDJ', 561),
(100, 'HODEG CHAGUI', 'Alvaro Jose', 'DECEUNINCK  -  QUICK - STEP', 558),
(101, 'HAAS', 'Nathan', 'TEAM KATUSHA ALPECIN', 553),
(102, 'VAN GARDEREN', 'Tejay', 'EF EDUCATION FIRST', 550),
(103, 'ROOSEN', 'Timo', 'TEAM JUMBO - VISMA', 545),
(104, 'VAN DER POEL', 'Mathieu', 'CORENDON - CIRCUS', 539),
(105, 'GALLOPIN', 'Tony', 'AG2R LA MONDIALE', 534),
(106, 'GROSSSCHARTNER', 'Felix', 'BORA - HANSGROHE', 530),
(107, 'HERRADA', 'Jesus', 'COFIDIS SOLUTIONS CREDITS', 528),
(108, 'BARBERO', 'Carlos', 'MOVISTAR TEAM', 524),
(109, 'DE LA CRUZ MELGAREJO', 'David', 'TEAM SKY', 520),
(110, 'CHERNETSKI', 'Sergei', 'CAJA RURAL - SEGUROS RGA', 517),
(111, 'POELS', 'Wout', 'TEAM SKY', 517),
(112, 'HIVERT', 'Jonathan', 'DIRECT ENERGIE', 514),
(113, 'ROUX', 'Anthony', 'GROUPAMA - FDJ', 511),
(114, 'GENIEZ', 'Alexandre', 'AG2R LA MONDIALE', 509),
(115, 'BALLERINI', 'Davide', 'ASTANA PRO TEAM', 508),
(116, 'MEURISSE', 'Xandro', 'WANTY - GOBERT CYCLING TEAM', 507),
(117, 'GUERREIRO', 'Ruben', 'TEAM KATUSHA ALPECIN', 499),
(118, 'DILLIER', 'Silvan', 'AG2R LA MONDIALE', 498),
(119, 'MARTINEZ POVEDA', 'Daniel Felipe', 'EF EDUCATION FIRST', 496),
(120, 'DRUCKER', 'Jean-Pierre', 'BORA - HANSGROHE', 478),
(121, 'DEBUSSCHERE', 'Jens', 'TEAM KATUSHA ALPECIN', 476),
(122, 'ZAKARIN', 'Ilnur', 'TEAM KATUSHA ALPECIN', 473),
(123, 'POLITT', 'Nils', 'TEAM KATUSHA ALPECIN', 462),
(124, 'DEHAES', 'Kenny', 'WALLONIE BRUXELLES', 459),
(125, 'DE BIE', 'Sean', 'ROOMPOT - CHARLES', 451),
(126, 'BRAMBILLA', 'Gianluca', 'TREK - SEGAFREDO', 450),
(127, 'CASTROVIEJO', 'Jonathan', 'TEAM SKY', 449),
(128, 'SERRY', 'Pieter', 'DECEUNINCK  -  QUICK - STEP', 449),
(129, 'BARGUIL', 'Warren', 'TEAM ARKEA - SAMSIC', 447),
(130, 'VICHOT', 'Arthur', 'VITAL CONCEPT - B&B HOTELS', 447),
(131, 'NIZZOLO', 'Giacomo', 'TEAM DIMENSION DATA', 444),
(132, 'BOUHANNI', 'Nacer', 'COFIDIS SOLUTIONS CREDITS', 441),
(133, 'MC CARTHY', 'Jay', 'BORA - HANSGROHE', 441),
(134, 'VUILLERMOZ', 'Alexis', 'AG2R LA MONDIALE', 440),
(135, 'KÜNG', 'Stefan', 'GROUPAMA - FDJ', 437),
(136, 'MASNADA', 'Fausto', 'ANDRONI GIOCATTOLI - SIDERMEC', 437),
(137, 'CAMPENAERTS', 'Victor', 'LOTTO SOUDAL', 434),
(138, 'VANENDERT', 'Jelle', 'LOTTO SOUDAL', 432),
(139, 'BRESCIANI', 'Michael', 'BARDIANI CSF', 426),
(140, 'CICCONE', 'Giulio', 'TREK - SEGAFREDO', 426),
(141, 'DE GENDT', 'Thomas', 'LOTTO SOUDAL', 426),
(142, 'DE MARCHI', 'Alessandro', 'CCC TEAM', 418),
(143, 'COQUARD', 'Bryan', 'VITAL CONCEPT - B&B HOTELS', 415),
(144, 'STRAKHOV', 'Dmitrii', 'TEAM KATUSHA ALPECIN', 412),
(145, 'SENECHAL', 'Florian', 'DECEUNINCK  -  QUICK - STEP', 411),
(146, 'GAVAZZI', 'Francesco', 'ANDRONI GIOCATTOLI - SIDERMEC', 410),
(147, 'GASPAROTTO', 'Enrico', 'TEAM DIMENSION DATA', 406),
(148, 'GESINK', 'Robert', 'TEAM JUMBO - VISMA', 406),
(149, 'ARU', 'Fabio', 'UAE TEAM EMIRATES', 400),
(150, 'BEVIN', 'Patrick', 'CCC TEAM', 400),
(151, 'SARREAU', 'Marc', 'GROUPAMA - FDJ', 399),
(152, 'FRANK', 'Mathias', 'AG2R LA MONDIALE', 398),
(153, 'DEVENYNS', 'Dries', 'DECEUNINCK  -  QUICK - STEP', 396),
(154, 'LAMMERTINK', 'Steven', 'VITAL CONCEPT - B&B HOTELS', 396),
(155, 'VAN DER HOORN', 'Taco', 'TEAM JUMBO - VISMA', 396),
(156, 'FRAILE MATARRANZ', 'Omar', 'ASTANA PRO TEAM', 395),
(157, 'BOUDAT', 'Thomas', 'DIRECT ENERGIE', 392),
(158, 'CLAEYS', 'Dimitri', 'COFIDIS SOLUTIONS CREDITS', 392),
(159, 'MODOLO', 'Sacha', 'EF EDUCATION FIRST', 391),
(160, 'CARTHY', 'Hugh John', 'EF EDUCATION FIRST', 390),
(161, 'WALSCHEID', 'Maximilian Richard', 'TEAM SUNWEB', 389),
(162, 'SIMON', 'Julien', 'COFIDIS SOLUTIONS CREDITS', 387),
(163, 'HAIG', 'Jack', 'MITCHELTON - SCOTT', 385),
(164, 'EDET', 'Nicolas', 'COFIDIS SOLUTIONS CREDITS', 384),
(165, 'TEUNISSEN', 'Mike', 'TEAM JUMBO - VISMA', 384),
(166, 'NIEVE ITURRALDE', 'Mikel', 'MITCHELTON - SCOTT', 382),
(167, 'JULES', 'Justin', 'WALLONIE BRUXELLES', 380),
(168, 'ROSON GARCIA', 'Jaime', 'MOVISTAR TEAM', 370),
(169, 'PERNSTEINER', 'Hermann', 'BAHRAIN - MERIDA', 368),
(170, 'PACHER', 'Quentin', 'VITAL CONCEPT - B&B HOTELS', 367),
(171, 'MOLANO BENAVIDES', 'Juan Sebastian', 'UAE TEAM EMIRATES', 364),
(172, 'POWER', 'Rob', 'TEAM SUNWEB', 363),
(173, 'POGAAR', 'Tadej', 'UAE TEAM EMIRATES', 361),
(174, 'VAN BAARLE', 'Dylan', 'TEAM SKY', 361),
(175, 'PHILIPSEN', 'Jasper', 'UAE TEAM EMIRATES', 357),
(176, 'KEUKELEIRE', 'Jens', 'LOTTO SOUDAL', 351),
(177, 'TOLHOEK', 'Antwan', 'TEAM JUMBO - VISMA', 349),
(178, 'ERN', 'Josef', 'CCC TEAM', 347),
(179, 'MORENO BAZAN', 'Javier', 'DELKO MARSEILLE PROVENCE', 347),
(180, 'TAARAM?E', 'Rein', 'DIRECT ENERGIE', 343),
(181, 'NAVARRO GARCIA', 'Daniel', 'TEAM KATUSHA ALPECIN', 341),
(182, 'DE GROOTE', 'Arne', 'TARTELETTO - ISOREX', 337),
(183, 'LAMBRECHT', 'Bjorg', 'LOTTO SOUDAL', 337),
(184, 'SMITH', 'Dion', 'MITCHELTON - SCOTT', 337),
(185, 'DUIJN', 'Huub', 'ROOMPOT - CHARLES', 335),
(186, 'WEENING', 'Pieter', 'ROOMPOT - CHARLES', 335),
(187, 'OWSIAN', 'Lukasz', 'CCC TEAM', 334),
(188, 'ROELANDTS', 'Jurgen', 'MOVISTAR TEAM', 330),
(189, 'BOIVIN', 'Guillaume', 'ISRAEL CYCLING ACADEMY', 328),
(190, 'RICKAERT', 'Jonas', 'CORENDON - CIRCUS', 328),
(191, 'FINETTO', 'Mauro', 'DELKO MARSEILLE PROVENCE', 327),
(192, 'M?HLBERGER', 'Gregor', 'BORA - HANSGROHE', 327),
(193, 'BATTAGLIN', 'Enrico', 'TEAM KATUSHA ALPECIN', 324),
(194, 'ZOIDL', 'Riccardo', 'CCC TEAM', 321),
(195, 'REICHENBACH', 'S?bastien', 'GROUPAMA - FDJ', 319),
(196, 'ALBASINI', 'Michael', 'MITCHELTON - SCOTT', 317),
(197, 'GEOGHEGAN HART', 'Tao', 'TEAM SKY', 317),
(198, 'DUMOULIN', 'Samuel', 'AG2R LA MONDIALE', 316),
(199, 'SLAGTER', 'Tom-Jelte', 'TEAM DIMENSION DATA', 316),
(200, 'NARVAEZ PRADO', 'Jonnathan Manuel', 'TEAM SKY', 315),
(201, 'KUSS', 'Sepp', 'TEAM JUMBO - VISMA', 314),
(202, 'MEYER', 'Cameron', 'MITCHELTON - SCOTT', 313),
(203, 'VAN MELSEN', 'Kevin', 'WANTY - GOBERT CYCLING TEAM', 313),
(204, 'MANNION', 'Gavin', 'RALLY UHC CYCLING', 310),
(205, 'N?MMELA', 'Aksel', 'WALLONIE BRUXELLES', 310),
(206, 'VAN SCHIP', 'Jan Willem', 'ROOMPOT - CHARLES', 308),
(207, 'GROSU', 'Eduard-Michael', 'DELKO MARSEILLE PROVENCE', 307),
(208, 'MANZIN', 'Lorrenzo', 'VITAL CONCEPT - B&B HOTELS', 306),
(209, 'VAN EMDEN', 'Jos', 'TEAM JUMBO - VISMA', 300),
(210, 'GAUDU', 'David', 'GROUPAMA - FDJ', 299),
(211, 'KING', 'Benjamin', 'TEAM DIMENSION DATA', 299),
(212, 'MINALI', 'Riccardo', 'ISRAEL CYCLING ACADEMY', 299),
(213, 'CAVAGNA', 'R?mi', 'DECEUNINCK  -  QUICK - STEP', 298),
(214, 'VERONA QUINTANILLA', 'Carlos', 'MOVISTAR TEAM', 297),
(215, 'HANSEN', 'Lasse Norman', 'CORENDON - CIRCUS', 296),
(216, 'KITTEL', 'Marcel', 'TEAM KATUSHA ALPECIN', 296),
(217, 'CATTANEO', 'Mattia', 'ANDRONI GIOCATTOLI - SIDERMEC', 295),
(218, 'PREIDLER', 'Georg', 'GROUPAMA - FDJ', 292),
(219, 'R?IM', 'Mihkel', 'ISRAEL CYCLING ACADEMY', 292),
(220, 'ROCHE', 'Nicolas', 'TEAM SUNWEB', 292),
(221, 'CONSONNI', 'Simone', 'UAE TEAM EMIRATES', 290),
(222, 'JANSSENS', 'Jimmy', 'CORENDON - CIRCUS', 290),
(223, 'MARECZKO', 'Jakub', 'CCC TEAM', 289),
(224, 'BIZKARRA ETXEGIBEL', 'Mikel', 'EUSKADI BASQUE COUNTRY - MURIAS', 287),
(225, 'RIESEBEEK', 'Oscar', 'ROOMPOT - CHARLES', 286),
(226, 'VILLELLA', 'Davide', 'ASTANA PRO TEAM', 286),
(227, 'ARANBURU DEBA', 'Alexander', 'CAJA RURAL - SEGUROS RGA', 285),
(228, 'JOYCE', 'Colin', 'RALLY UHC CYCLING', 285),
(229, 'KAMP', 'Alexander', 'RIWAL READYNEZ CYCLING TEAM', 285),
(230, 'LIGTHART', 'Pim', 'DIRECT ENERGIE', 285),
(231, 'QUAADE', 'Rasmus Christian', 'RIWAL READYNEZ CYCLING TEAM', 285),
(232, 'LOBATO DEL VALLE', 'Juan Jose', 'NIPPO - VINI FANTINI - FAIZANE\'', 284),
(233, 'BOOKWALTER', 'Brent', 'MITCHELTON - SCOTT', 280),
(234, 'BLYTHE', 'Adam', 'LOTTO SOUDAL', 279),
(235, 'GHEBREIGZABHIER WERKILUL', 'Amanuel', 'TEAM DIMENSION DATA', 279),
(236, 'KANGERT', 'Tanel', 'EF EDUCATION FIRST', 279),
(237, 'KUDUS', 'Merhawi', 'ASTANA PRO TEAM', 279),
(238, 'DUNBAR', 'Edward', 'TEAM SKY', 278),
(239, 'NEILANDS', 'Krists', 'ISRAEL CYCLING ACADEMY', 277),
(240, 'JANSEN', 'Amund Grondahl', 'TEAM JUMBO - VISMA', 274),
(241, 'MCNULTY', 'Brandon', 'RALLY UHC CYCLING', 273),
(242, 'AMADOR', 'Andrey', 'MOVISTAR TEAM', 272),
(243, 'HOULE', 'Hugo', 'ASTANA PRO TEAM', 272),
(244, 'DE GENDT', 'Aime', 'WANTY - GOBERT CYCLING TEAM', 271),
(245, 'BOLE', 'Grega', 'BAHRAIN - MERIDA', 268),
(246, 'HIRSCHI', 'Marc', 'TEAM SUNWEB', 266),
(247, 'GERTS', 'Floris', 'TARTELETTO - ISOREX', 265),
(248, 'KOCH', 'Jonas', 'CCC TEAM', 265),
(249, 'SANTAROMITA', 'Ivan', 'NIPPO - VINI FANTINI - FAIZANE\'', 265),
(250, 'SBARAGLI', 'Kristian', 'ISRAEL CYCLING ACADEMY', 265),
(251, 'CHAVES RUBIO', 'Jhoan Esteban', 'MITCHELTON - SCOTT', 263),
(252, 'DENZ', 'Nico', 'AG2R LA MONDIALE', 262),
(253, 'SPRENGERS', 'Thomas', 'SPORT VLAANDEREN - BALOISE', 259),
(254, 'OLIVEIRA', 'Nelson', 'MOVISTAR TEAM', 258),
(255, 'FELLINE', 'Fabio', 'TREK - SEGAFREDO', 257),
(256, 'PILAK', 'Simon', 'TEAM KATUSHA ALPECIN', 256),
(257, 'M?DER', 'Gino', 'TEAM DIMENSION DATA', 255),
(258, 'RICHEZE', 'Maximiliano Ariel', 'DECEUNINCK  -  QUICK - STEP', 255),
(259, 'GOGL', 'Michael', 'TREK - SEGAFREDO', 254),
(260, 'JONES', 'Brenton', 'DELKO MARSEILLE PROVENCE', 253),
(261, 'M?RK?V', 'Michael', 'DECEUNINCK  -  QUICK - STEP', 252),
(262, 'HERMANS', 'Quinten', 'TELENET FIDEA LIONS', 249),
(263, 'KENNAUGH', 'Peter', 'BORA - HANSGROHE', 249),
(264, 'ABERASTURI IZAGA', 'Jon', 'CAJA RURAL - SEGUROS RGA', 248),
(265, 'MARTIN', 'Tony', 'TEAM JUMBO - VISMA', 248),
(266, 'GON?ALVES', 'Domingos', 'CAJA RURAL - SEGUROS RGA', 247),
(267, 'VAN GENECHTEN', 'Jonas', 'VITAL CONCEPT - B&B HOTELS', 244),
(268, 'GAUDIN', 'Damien', 'DIRECT ENERGIE', 243),
(269, 'CLARKE', 'Simon', 'EF EDUCATION FIRST', 242),
(270, 'GIDICH', 'Yevgeniy', 'ASTANA PRO TEAM', 242),
(271, 'HOWSON', 'Damien', 'MITCHELTON - SCOTT', 242),
(272, 'BOL', 'Cees', 'TEAM SUNWEB', 240),
(273, 'JANS', 'Roy', 'CORENDON - CIRCUS', 240),
(274, 'ROLLAND', 'Pierre', 'VITAL CONCEPT - B&B HOTELS', 235),
(275, 'BETTIOL', 'Alberto', 'EF EDUCATION FIRST', 234),
(276, 'BONIFAZIO', 'Niccol?', 'DIRECT ENERGIE', 234),
(277, 'FERNANDEZ', 'Ruben', 'MOVISTAR TEAM', 234),
(278, 'DE BUYST', 'Jasper', 'LOTTO SOUDAL', 233),
(279, 'POLANC', 'Jan', 'UAE TEAM EMIRATES', 233),
(280, 'CATALDO', 'Dario', 'ASTANA PRO TEAM', 231),
(281, 'JUUL JENSEN', 'Christopher', 'MITCHELTON - SCOTT', 230),
(282, 'ASGREEN', 'Kasper', 'DECEUNINCK  -  QUICK - STEP', 229),
(283, 'BAGIOLI', 'Nicola', 'NIPPO - VINI FANTINI - FAIZANE\'', 229),
(284, 'COSNEFROY', 'Benoit', 'AG2R LA MONDIALE', 229),
(285, 'WALLAYS', 'Jelle', 'LOTTO SOUDAL', 229),
(286, 'LE GAC', 'Olivier', 'GROUPAMA - FDJ', 228),
(287, 'PACIONI', 'Luca', 'NERI SOTTOLI SELLE ITALIA KTM', 228),
(288, 'DECLERCQ', 'Benjamin', 'SPORT VLAANDEREN - BALOISE', 227),
(289, 'PAUWELS', 'Serge', 'CCC TEAM', 227),
(290, 'POWLESS', 'Neilson', 'TEAM JUMBO - VISMA', 227),
(291, 'DE PLUS', 'Laurens', 'TEAM JUMBO - VISMA', 226),
(292, 'GEDIMINAS', 'Bagdonas', 'AG2R LA MONDIALE', 226),
(293, 'DELTOMBE', 'Kevin', 'SPORT VLAANDEREN - BALOISE', 224),
(294, 'PARDILLA BELLON', 'Sergio', 'CAJA RURAL - SEGUROS RGA', 224),
(295, 'ARNDT', 'Nikias', 'TEAM SUNWEB', 223),
(296, 'DOULL', 'Owain', 'TEAM SKY', 223),
(297, 'VAN KEIRSBULCK', 'Guillaume', 'CCC TEAM', 223),
(298, 'LAENGEN', 'Vegard Stake', 'UAE TEAM EMIRATES', 220),
(299, 'PLAZA', 'Ruben', 'ISRAEL CYCLING ACADEMY', 220),
(300, 'O\'CONNOR', 'Ben', 'TEAM DIMENSION DATA', 219),
(301, 'WELTEN', 'Bram', 'TEAM ARKEA - SAMSIC', 219),
(302, 'GUARDINI', 'Andrea', 'BARDIANI CSF', 218),
(303, 'VELASCO', 'Simone', 'NERI SOTTOLI SELLE ITALIA KTM', 218),
(304, 'KUZNETSOV', 'Viacheslav', 'TEAM KATUSHA ALPECIN', 216),
(305, 'BODNAR', 'Maciej', 'BORA - HANSGROHE', 212),
(306, 'EENKHOORN', 'Pascal', 'TEAM JUMBO - VISMA', 212),
(307, 'SINKELDAM', 'Ramon', 'GROUPAMA - FDJ', 212),
(308, 'VAN DER LIJKE', 'Nick', 'ROOMPOT - CHARLES', 212),
(309, 'TOUZE', 'Damien', 'COFIDIS SOLUTIONS CREDITS', 209),
(310, 'KIRSCH', 'Alex', 'TREK - SEGAFREDO', 208),
(311, 'CAICEDO', 'Jonathan', 'EF EDUCATION FIRST', 207),
(312, 'VAN HOOYDONCK', 'Nathan', 'CCC TEAM', 207),
(313, 'PLANCKAERT', 'Baptiste', 'WALLONIE BRUXELLES', 206),
(314, 'MEZGEC', 'Luka', 'MITCHELTON - SCOTT', 204),
(315, 'TURGIS', 'Anthony', 'DIRECT ENERGIE', 204),
(316, 'KANTER', 'Max', 'TEAM SUNWEB', 200),
(317, 'ROSA', 'Diego', 'TEAM SKY', 200),
(318, 'DE BONDT', 'Dries', 'CORENDON - CIRCUS', 199),
(319, 'EIKING', 'Odd Christian', 'WANTY - GOBERT CYCLING TEAM', 197),
(320, 'PEREZ', 'Anthony', 'COFIDIS SOLUTIONS CREDITS', 197),
(321, 'ANTUNES', 'Amaro', 'CCC TEAM', 196),
(322, 'BAUHAUS', 'Phil', 'BAHRAIN - MERIDA', 196),
(323, 'ROSSKOPF', 'Joseph', 'CCC TEAM', 196),
(324, 'SAJNOK', 'Szymon', 'CCC TEAM', 196),
(325, 'SIVAKOV', 'Pavel', 'TEAM SKY', 195),
(326, 'BOUWMAN', 'Koen', 'TEAM JUMBO - VISMA', 192),
(327, 'AFONSO VILELA', 'Ricardo Augusto', 'BURGOS - BH', 191),
(328, 'CAPIOT', 'Amaury', 'SPORT VLAANDEREN - BALOISE', 191),
(329, 'PADUN', 'Mark', 'BAHRAIN - MERIDA', 191),
(330, 'S?TTERLIN', 'Jasha', 'MOVISTAR TEAM', 191),
(331, 'THEUNS', 'Edward', 'TREK - SEGAFREDO', 191),
(332, 'GANNA', 'Filippo', 'TEAM SKY', 190),
(333, 'MADRAZO RUIZ', 'Angel', 'BURGOS - BH', 190),
(334, 'MENTEN', 'Milan', 'SPORT VLAANDEREN - BALOISE', 189),
(335, 'BETANCUR', 'Carlos', 'MOVISTAR TEAM', 187),
(336, 'GOUGEARD', 'Alexis', 'AG2R LA MONDIALE', 187),
(337, 'HAMILTON', 'Christopher', 'TEAM SUNWEB', 187),
(338, 'LIEPINS', 'Emils', 'WALLONIE BRUXELLES', 187),
(339, 'PLANCKAERT', 'Edward', 'SPORT VLAANDEREN - BALOISE', 187),
(340, 'VAN HECKE', 'Preben', 'SPORT VLAANDEREN - BALOISE', 186),
(341, 'BERNARD', 'Julien', 'TREK - SEGAFREDO', 185),
(342, 'CONTI', 'Valerio', 'UAE TEAM EMIRATES', 185),
(343, 'DUPONT', 'Hubert', 'AG2R LA MONDIALE', 185),
(344, 'ENGER', 'Sondre Holst', 'ISRAEL CYCLING ACADEMY', 183),
(345, 'FERNANDEZ CRUZ', 'Delio', 'DELKO MARSEILLE PROVENCE', 183),
(346, 'VENTURINI', 'Clement', 'AG2R LA MONDIALE', 183),
(347, 'JENSEN', 'August', 'ISRAEL CYCLING ACADEMY', 182),
(348, 'GRADEK', 'Kamil', 'CCC TEAM', 181),
(349, 'ISTA', 'Kevyn', 'WALLONIE BRUXELLES', 181),
(350, 'VALLEE', 'Boris', 'WANTY - GOBERT CYCLING TEAM', 181),
(351, 'HANSEN', 'Jesper', 'COFIDIS SOLUTIONS CREDITS', 180),
(352, 'MARCHAND', 'Gianni', 'CIBEL', 180),
(353, 'SCH?R', 'Michael', 'CCC TEAM', 180),
(354, 'VANBILSEN', 'Kenneth', 'COFIDIS SOLUTIONS CREDITS', 180),
(355, 'VLASOV', 'Aleksandr', 'GAZPROM - RUSVELO', 180),
(356, 'WISNIOWSKI', 'Lukasz', 'CCC TEAM', 180),
(357, 'ARASHIRO', 'Yukiya', 'BAHRAIN - MERIDA', 179),
(358, 'OSS', 'Daniel', 'BORA - HANSGROHE', 178),
(359, 'DOMBROWSKI', 'Joseph Lloyd', 'EF EDUCATION FIRST', 177),
(360, 'VENDRAME', 'Andrea', 'ANDRONI GIOCATTOLI - SIDERMEC', 177),
(361, 'VINJEBO', 'Emil Nygaard', 'RIWAL READYNEZ CYCLING TEAM', 177),
(362, 'STORER', 'Michael', 'TEAM SUNWEB', 176),
(363, 'PERICHON', 'Pierre Luc', 'COFIDIS SOLUTIONS CREDITS', 175),
(364, 'RESTREPO VALENCIA', 'Jhonatan', 'MANZANA POSTOBON TEAM', 175),
(365, 'ARSLANOV', 'Ildar', 'GAZPROM - RUSVELO', 174),
(366, 'FRISON', 'Frederik', 'LOTTO SOUDAL', 174),
(367, 'ROJAS', 'Jos', 'MOVISTAR TEAM', 174),
(368, 'BRITTON', 'Robert', 'RALLY UHC CYCLING', 173),
(369, 'GESCHKE', 'Simon', 'CCC TEAM', 172),
(370, 'STANNARD', 'Robert', 'MITCHELTON - SCOTT', 172),
(371, 'BURGHARDT', 'Marcus', 'BORA - HANSGROHE', 170),
(372, 'CARPENTER', 'Robin', 'RALLY UHC CYCLING', 169),
(373, 'LAMMERTINK', 'Maurits', 'ROOMPOT - CHARLES', 169),
(374, 'LASTRA MARTINEZ', 'Jonathan', 'CAJA RURAL - SEGUROS RGA', 168),
(375, 'MERLIER', 'Tim', 'PAUWELS SAUZEN - VASTGOEDSERVICE CONTINENTAL TEAM', 168),
(376, 'PELUCCHI', 'Matteo', 'ANDRONI GIOCATTOLI - SIDERMEC', 168),
(377, 'ROVNY', 'Ivan', 'GAZPROM - RUSVELO', 168),
(378, 'VAN WINDEN', 'Dennis', 'ISRAEL CYCLING ACADEMY', 168),
(379, 'COMBAUD', 'Romain', 'DELKO MARSEILLE PROVENCE', 167),
(380, 'BUSATO', 'Matteo', 'ANDRONI GIOCATTOLI - SIDERMEC', 166),
(381, 'BOHORQUEZ SANCHEZ', 'Hernando', 'ASTANA PRO TEAM', 165),
(382, 'DE KORT', 'Koen', 'TREK - SEGAFREDO', 165),
(383, 'KNOX', 'James', 'DECEUNINCK  -  QUICK - STEP', 165),
(384, 'LAWLESS', 'Christopher', 'TEAM SKY', 165),
(385, 'SCHILLINGER', 'Andreas', 'BORA - HANSGROHE', 165),
(386, 'DE TIER', 'Floris', 'TEAM JUMBO - VISMA', 163),
(387, 'MARTINELLI', 'Davide', 'DECEUNINCK  -  QUICK - STEP', 163),
(388, 'PETIT', 'Adrien', 'DIRECT ENERGIE', 163),
(389, 'ZEITS', 'Andrey', 'ASTANA PRO TEAM', 163),
(390, 'DURBRIDGE', 'Luke', 'MITCHELTON - SCOTT', 162),
(391, 'HALVORSEN', 'Kristoffer', 'TEAM SKY', 162),
(392, 'PETERS', 'Nans', 'AG2R LA MONDIALE', 161),
(393, 'BRAVO OIARBIDE', 'Garikoitz', 'EUSKADI BASQUE COUNTRY - MURIAS', 160),
(394, 'DEGAND', 'Thomas', 'WANTY - GOBERT CYCLING TEAM', 160),
(395, 'WACKERMANN', 'Luca', 'BARDIANI CSF', 160),
(396, 'CRAS', 'Steff', 'TEAM KATUSHA ALPECIN', 159),
(397, 'CIMA', 'Damiano', 'NIPPO - VINI FANTINI - FAIZANE\'', 158),
(398, 'DELAPLACE', 'Anthony', 'TEAM ARKEA - SAMSIC', 158),
(399, 'EG', 'Niklas', 'TREK - SEGAFREDO', 158),
(400, 'BADILATTI', 'Matteo', 'ISRAEL CYCLING ACADEMY', 157),
(401, 'EARLE', 'Nathan', 'ISRAEL CYCLING ACADEMY', 157),
(402, 'MOSER', 'Moreno', 'NIPPO - VINI FANTINI - FAIZANE\'', 157),
(403, 'NYCH', 'Artem', 'GAZPROM - RUSVELO', 157),
(404, 'PANTANO GOMEZ', 'Jarlinson', 'TREK - SEGAFREDO', 157),
(405, 'STETINA', 'Peter', 'TREK - SEGAFREDO', 157),
(406, 'ELISSONDE', 'Kenny', 'TEAM SKY', 156),
(407, 'HAGEN', 'Krister', 'RIWAL READYNEZ CYCLING TEAM', 156),
(408, 'VERMOTE', 'Julien', 'TEAM DIMENSION DATA', 156),
(409, 'RAVASI', 'Edward', 'UAE TEAM EMIRATES', 155),
(410, 'BRESCHEL', 'Matti', 'EF EDUCATION FIRST', 154),
(411, 'EDMONDSON', 'Alexander', 'MITCHELTON - SCOTT', 154),
(412, 'VAN POPPEL', 'Boy', 'ROOMPOT - CHARLES', 154),
(413, 'WYSS', 'Danilo', 'TEAM DIMENSION DATA', 154),
(414, 'GARCIA CORTINA', 'Ivan', 'BAHRAIN - MERIDA', 153),
(415, 'BJERG', 'Mikkel', 'HAGENS BERMAN AXEON', 152),
(416, 'HAGA', 'Chad', 'TEAM SUNWEB', 152),
(417, 'DEMPSTER', 'Zakkari', 'ISRAEL CYCLING ACADEMY', 150),
(418, 'HAMILTON', 'Lucas', 'MITCHELTON - SCOTT', 149),
(419, 'MULLEN', 'Ryan', 'TREK - SEGAFREDO', 149),
(420, 'PAREDES ZAPATA', 'Wilmar Andres', 'MANZANA POSTOBON TEAM', 149),
(421, 'CHEREL', 'Mikael', 'AG2R LA MONDIALE', 147),
(422, 'PFINGSTEN', 'Christoph', 'BORA - HANSGROHE', 146),
(423, 'BOUET', 'Maxime', 'TEAM ARKEA - SAMSIC', 145),
(424, 'JAUREGUI', 'Quentin', 'AG2R LA MONDIALE', 145),
(425, 'PHINNEY', 'Taylor', 'EF EDUCATION FIRST', 145),
(426, 'HIRT', 'Jan', 'ASTANA PRO TEAM', 144),
(427, 'KREDER', 'Wesley', 'WANTY - GOBERT CYCLING TEAM', 144),
(428, 'MOSCHETTI', 'Matteo', 'TREK - SEGAFREDO', 144),
(429, 'CRADDOCK', 'G Lawson', 'EF EDUCATION FIRST', 143),
(430, 'MALUCELLI', 'Matteo', 'CAJA RURAL - SEGUROS RGA', 143),
(431, 'BAUER', 'Jack', 'MITCHELTON - SCOTT', 142),
(432, 'LADAGNOUS', 'Matthieu', 'GROUPAMA - FDJ', 142),
(433, 'EL FARES', 'Julien', 'DELKO MARSEILLE PROVENCE', 141),
(434, 'MEINTJES', 'Louis', 'TEAM DIMENSION DATA', 141),
(435, 'VAN LERBERGHE', 'Bert', 'COFIDIS SOLUTIONS CREDITS', 141),
(436, 'KIRYIENKA', 'Vasil', 'TEAM SKY', 140),
(437, 'SCHMIDT WÜRTZ', 'Mads', 'TEAM KATUSHA ALPECIN', 140),
(438, 'URASEK', 'Kristijan', 'UAE TEAM EMIRATES', 139),
(439, 'MARCATO', 'Marco', 'UAE TEAM EMIRATES', 139),
(440, 'WARBASSE', 'Lawrence', 'AG2R LA MONDIALE', 139),
(441, 'FRANKINY', 'Kilian', 'GROUPAMA - FDJ', 138),
(442, 'MANNAERTS', 'Jelle', 'TARTELETTO - ISOREX', 138),
(443, 'BIDARD', 'Fran?ois', 'AG2R LA MONDIALE', 137),
(444, 'SEIGLE', 'Romain', 'GROUPAMA - FDJ', 137),
(445, 'SIMION', 'Paolo', 'BARDIANI CSF', 137),
(446, 'JANSE VAN RENSBURG', 'Reinardt', 'TEAM DIMENSION DATA', 136),
(447, 'KLUGE', 'Roger', 'LOTTO SOUDAL', 135),
(448, 'TONELLI', 'Alessandro', 'BARDIANI CSF', 135),
(449, 'RUBIO HERNANDEZ', 'Diego', 'BURGOS - BH', 134),
(450, 'VAN GESTEL', 'Dries', 'SPORT VLAANDEREN - BALOISE', 134),
(451, 'CATAFORD', 'Alexander', 'ISRAEL CYCLING ACADEMY', 133),
(452, 'GRMAY', 'Tsgabu Gebremaryam', 'MITCHELTON - SCOTT', 133),
(453, 'LANGEVELD', 'Sebastian', 'EF EDUCATION FIRST', 133),
(454, 'NAVARDAUSKAS', 'Ramunas', 'DELKO MARSEILLE PROVENCE', 133),
(455, 'P?STLBERGER', 'Lukas', 'BORA - HANSGROHE', 133),
(456, 'BENEDETTI', 'Cesare', 'BORA - HANSGROHE', 131),
(457, 'DOWSETT', 'Alex', 'TEAM KATUSHA ALPECIN', 130),
(458, 'FORTIN', 'Filippo', 'COFIDIS SOLUTIONS CREDITS', 130),
(459, 'BOHLI', 'Tom', 'UAE TEAM EMIRATES', 127),
(460, 'TULIK', 'Angelo', 'DIRECT ENERGIE', 127),
(461, 'BERNAS', 'Pawel', 'CCC TEAM', 126),
(462, 'BYSTR?M', 'Sven Erik', 'UAE TEAM EMIRATES', 126),
(463, 'CAVENDISH', 'Mark', 'TEAM DIMENSION DATA', 125),
(464, 'NOPPE', 'Christophe', 'SPORT VLAANDEREN - BALOISE', 125),
(465, 'HENAO GOMEZ', 'Sebastian', 'TEAM SKY', 123),
(466, 'PEDRERO', 'Antonio', 'MOVISTAR TEAM', 122),
(467, 'TUSVELD', 'Martijn', 'TEAM SUNWEB', 122),
(468, 'GOLAS', 'Michal', 'TEAM SKY', 121),
(469, 'HEPBURN', 'Michael', 'MITCHELTON - SCOTT', 121),
(470, 'TURGIS', 'Jimmy', 'VITAL CONCEPT - B&B HOTELS', 121),
(471, 'BAK YTTING', 'Lars', 'TEAM DIMENSION DATA', 120),
(472, 'BAKELANTS', 'Jan', 'TEAM SUNWEB', 120),
(473, 'HARDY', 'Romain', 'TEAM ARKEA - SAMSIC', 120),
(474, 'HOFLAND', 'Moreno', 'EF EDUCATION FIRST', 120),
(475, 'KOCHETKOV', 'Pavel', 'TEAM KATUSHA ALPECIN', 120),
(476, 'LE BON', 'Johan', 'VITAL CONCEPT - B&B HOTELS', 120),
(477, 'SANZ UNZUE', 'Enrique', 'EUSKADI BASQUE COUNTRY - MURIAS', 120),
(478, 'MATE MARDONES', 'Luis Angel', 'COFIDIS SOLUTIONS CREDITS', 119),
(479, 'PEDERSEN', 'Casper Phillip', 'TEAM SUNWEB', 119),
(480, 'PERRY', 'Benjamin', 'ISRAEL CYCLING ACADEMY', 119),
(481, 'PICHON', 'Laurent', 'TEAM ARKEA - SAMSIC', 119),
(482, 'SPREAFICO', 'Matteo', 'ANDRONI GIOCATTOLI - SIDERMEC', 118),
(483, 'DUVAL', 'Julien', 'AG2R LA MONDIALE', 117),
(484, 'SELIG', 'R?diger', 'BORA - HANSGROHE', 117),
(485, 'WYNANTS', 'Maarten', 'TEAM JUMBO - VISMA', 117),
(486, 'ZABEL', 'Rick', 'TEAM KATUSHA ALPECIN', 117),
(487, 'FABBRO', 'Matteo', 'TEAM KATUSHA ALPECIN', 116),
(488, 'ANACONA', 'Winner Andrew', 'MOVISTAR TEAM', 115),
(489, 'MORABITO', 'Steve', 'GROUPAMA - FDJ', 115),
(490, 'NOVAK', 'Domen', 'BAHRAIN - MERIDA', 115),
(491, 'MOLINA CANET', 'Antonio', 'CAJA RURAL - SEGUROS RGA', 114),
(492, 'MONFORT', 'Maxime', 'LOTTO SOUDAL', 114),
(493, 'CARBONI', 'Giovanni', 'BARDIANI CSF', 113),
(494, 'HOELGAARD', 'Daniel', 'GROUPAMA - FDJ', 113),
(495, 'PEYSKENS', 'Dimitri', 'WALLONIE BRUXELLES', 113),
(496, 'SAGAN', 'Juraj', 'BORA - HANSGROHE', 112),
(497, 'SCHULTZ', 'Nicholas', 'MITCHELTON - SCOTT', 112),
(498, 'EZQUERRA MUELA', 'Jesus', 'BURGOS - BH', 111),
(499, 'GODON', 'Dorian', 'AG2R LA MONDIALE', 111),
(500, 'VAN DEN BERG', 'Julius', 'EF EDUCATION FIRST', 111),
(501, 'HAYMAN', 'Mathew', 'MITCHELTON - SCOTT', 110),
(502, 'BERHANE', 'Natnael', 'COFIDIS SOLUTIONS CREDITS', 109),
(503, 'HINDLEY', 'Jai', 'TEAM SUNWEB', 109),
(504, 'OFFREDO', 'Yoann', 'WANTY - GOBERT CYCLING TEAM', 109),
(505, 'RIABUSHENKO', 'Aleksandr', 'UAE TEAM EMIRATES', 109),
(506, 'ERIKSSON', 'Lucas', 'RIWAL READYNEZ CYCLING TEAM', 108),
(507, 'HAUSSLER', 'Heinrich', 'BAHRAIN - MERIDA', 108),
(508, 'PIBERNIK', 'Luka', 'BAHRAIN - MERIDA', 107),
(509, 'DE VOS', 'Adam', 'RALLY UHC CYCLING', 106),
(510, 'SCOTSON', 'Miles', 'GROUPAMA - FDJ', 106),
(511, 'STALNOV', 'Nikita', 'ASTANA PRO TEAM', 106),
(512, 'BIERMANS', 'Jenthe', 'TEAM KATUSHA ALPECIN', 105),
(513, 'QUINTANA', 'Dayer', 'NERI SOTTOLI SELLE ITALIA KTM', 105),
(514, 'VANDENBERGH', 'Stijn', 'AG2R LA MONDIALE', 105),
(515, 'TEUGELS', 'Lennert', 'CIBEL', 104),
(516, 'STANNARD', 'Ian', 'TEAM SKY', 103),
(517, 'THOMAS', 'Benjamin', 'GROUPAMA - FDJ', 103),
(518, 'VAN HOECKE', 'Gijs', 'CCC TEAM', 103),
(519, 'CAPECCHI', 'Eros', 'DECEUNINCK  -  QUICK - STEP', 102),
(520, 'VAN GINNEKEN', 'Sjoerd', 'ROOMPOT - CHARLES', 102),
(521, 'BENNETT', 'Sean', 'EF EDUCATION FIRST', 101),
(522, 'DEWULF', 'Stan', 'LOTTO SOUDAL', 101),
(523, 'ALVES OLIVEIRA', 'Rui Filipe', 'UAE TEAM EMIRATES', 100),
(524, 'BARBIN', 'Enrico', 'BARDIANI CSF', 100),
(525, 'BASKA', 'Erik', 'BORA - HANSGROHE', 100),
(526, 'HOLLENSTEIN', 'Reto', 'TEAM KATUSHA ALPECIN', 100),
(527, 'MAES', 'Nikolas', 'LOTTO SOUDAL', 100),
(528, 'NAKANE', 'Hideto', 'NIPPO - VINI FANTINI - FAIZANE\'', 100),
(529, 'OLIVEIRA', 'Ivo', 'UAE TEAM EMIRATES', 100),
(530, 'TROIA', 'Oliviero', 'UAE TEAM EMIRATES', 100),
(531, 'CARDIS', 'Romain', 'DIRECT ENERGIE', 99),
(532, 'RODRIGUEZ GARAICOECHEA', 'Oscar', 'EUSKADI BASQUE COUNTRY - MURIAS', 99),
(533, 'CONCI', 'Nicola', 'TREK - SEGAFREDO', 98),
(534, 'BENFATTO', 'Marco', 'ANDRONI GIOCATTOLI - SIDERMEC', 97),
(535, 'GONZALEZ SALAS', 'Mario', 'EUSKADI BASQUE COUNTRY - MURIAS', 97),
(536, 'LEEZER', 'Thomas', 'TEAM JUMBO - VISMA', 97),
(537, 'LOZANO RIBA', 'David', 'TEAM NOVO NORDISK', 97),
(538, 'SIERRA SANCHEZ', 'Yecid Arturo', 'MANZANA POSTOBON TEAM', 97),
(539, 'VANTOMME', 'Maxime', 'TARTELETTO - ISOREX', 97),
(540, 'GAUTIER', 'Cyril', 'VITAL CONCEPT - B&B HOTELS', 96),
(541, 'GIBBONS', 'Ryan', 'TEAM DIMENSION DATA', 96),
(542, 'MAESTRI', 'Mirco', 'BARDIANI CSF', 96),
(543, 'MAS BONET', 'Luis Guillermo', 'MOVISTAR TEAM', 96),
(544, 'SISKEVICIUS', 'Evaldas', 'DELKO MARSEILLE PROVENCE', 96),
(545, 'FONZI', 'Giuseppe', 'NERI SOTTOLI SELLE ITALIA KTM', 95),
(546, 'VAN ASBROECK', 'Tom', 'ISRAEL CYCLING ACADEMY', 95),
(547, 'MERTZ', 'Remy', 'LOTTO SOUDAL', 94),
(548, 'SEPULVEDA', 'Eduardo', 'MOVISTAR TEAM', 94),
(549, 'DAVIES', 'Scott', 'TEAM DIMENSION DATA', 93),
(550, 'ARCAS', 'Jorge', 'MOVISTAR TEAM', 92),
(551, 'GASTAUER', 'Ben', 'AG2R LA MONDIALE', 92),
(552, 'RYBALKIN', 'Aleksei', 'GAZPROM - RUSVELO', 92),
(553, 'ZARDINI', 'Edoardo', 'NERI SOTTOLI SELLE ITALIA KTM', 92),
(554, 'ERVITI', 'Imanol', 'MOVISTAR TEAM', 91),
(555, 'KOREN', 'Kristijan', 'BAHRAIN - MERIDA', 91),
(556, 'PUCCIO', 'Salvatore', 'TEAM SKY', 91),
(557, 'ADAMS', 'Jens', 'PAUWELS SAUZEN - VASTGOEDSERVICE CONTINENTAL TEAM', 90),
(558, 'BARBIER', 'Rudy', 'ISRAEL CYCLING ACADEMY', 90),
(559, 'HERRADA', 'Jose', 'COFIDIS SOLUTIONS CREDITS', 90),
(560, 'MARTENS', 'Paul', 'TEAM JUMBO - VISMA', 90),
(561, 'BISOLTI', 'Alessandro', 'ANDRONI GIOCATTOLI - SIDERMEC', 89),
(562, 'BOARO', 'Manuele', 'ASTANA PRO TEAM', 89),
(563, 'SIEBERG', 'Marcel', 'BAHRAIN - MERIDA', 89),
(564, 'VAN DER SANDE', 'Tosh', 'LOTTO SOUDAL', 89),
(565, 'VAN ROOY', 'Kenneth', 'SPORT VLAANDEREN - BALOISE', 89),
(566, 'CIMOLAI', 'Davide', 'ISRAEL CYCLING ACADEMY', 88),
(567, 'MCLAY', 'Daniel', 'EF EDUCATION FIRST', 88),
(568, 'POLJANSKI', 'Pawel', 'BORA - HANSGROHE', 88),
(569, 'SCH?NBERGER', 'Sebastian', 'NERI SOTTOLI SELLE ITALIA KTM', 86),
(570, 'TUREK', 'Daniel', 'ISRAEL CYCLING ACADEMY', 86),
(571, 'RAGGIO', 'Luca', 'NERI SOTTOLI SELLE ITALIA KTM', 85),
(572, 'ROTA', 'Lorenzo', 'BARDIANI CSF', 85),
(573, 'SHILOV', 'Sergei', 'GAZPROM - RUSVELO', 85),
(574, 'SMIT', 'Willem Jakobus', 'TEAM KATUSHA ALPECIN', 85),
(575, 'FRAPPORTI', 'Marco', 'ANDRONI GIOCATTOLI - SIDERMEC', 84),
(576, 'DUCHESNE', 'Antoine', 'GROUPAMA - FDJ', 83),
(577, 'LECROQ', 'J?r?my', 'VITAL CONCEPT - B&B HOTELS', 83),
(578, 'BR?NDLE', 'Matthias', 'ISRAEL CYCLING ACADEMY', 82),
(579, 'POZDNYAKOV', 'Kirill', 'TARTELETTO - ISOREX', 82),
(580, 'WALLIN', 'Rasmus B?gh', 'RIWAL READYNEZ CYCLING TEAM', 82),
(581, 'DEVRIENDT', 'Tom', 'WANTY - GOBERT CYCLING TEAM', 81),
(582, 'GATTO', 'Oscar', 'BORA - HANSGROHE', 81),
(583, 'ITURRIA SEGUROLA', 'Mikel', 'EUSKADI BASQUE COUNTRY - MURIAS', 81),
(584, 'MAISON', 'J?r?my', 'TEAM ARKEA - SAMSIC', 81),
(585, 'LEDANOIS', 'Kevin', 'TEAM ARKEA - SAMSIC', 80),
(586, 'ROSSETTO', 'St?phane', 'COFIDIS SOLUTIONS CREDITS', 80),
(587, 'LE TURNIER', 'Mathias', 'COFIDIS SOLUTIONS CREDITS', 79),
(588, 'LUDVIGSSON', 'Tobias', 'GROUPAMA - FDJ', 79),
(589, 'TEN DAM', 'Laurens', 'CCC TEAM', 79),
(590, 'KRAGH ANDERSEN', 'Asbj?rn', 'TEAM SUNWEB', 78),
(591, 'ROCHAS', 'R?my', 'DELKO MARSEILLE PROVENCE', 78),
(592, 'VAUGRENARD', 'Benoit', 'GROUPAMA - FDJ', 78),
(593, 'BAGUES KALPARSORO', 'Aritz', 'EUSKADI BASQUE COUNTRY - MURIAS', 77),
(594, 'DE LA PARTE', 'Victor', 'CCC TEAM', 77),
(595, 'HANSEN', 'Adam James', 'LOTTO SOUDAL', 77),
(596, 'SOTO MARTINEZ', 'Nelson', 'CAJA RURAL - SEGUROS RGA', 77),
(597, 'VENTER', 'Jaco', 'TEAM DIMENSION DATA', 77),
(598, 'VINCENT', 'L', 'GROUPAMA - FDJ', 77),
(599, 'BOSWELL', 'Ian', 'TEAM KATUSHA ALPECIN', 76),
(600, 'DE DECKER', 'Alfdan', 'WANTY - GOBERT CYCLING TEAM', 76),
(601, 'HONOR', 'Mikkel Fr?lich', 'DECEUNINCK  -  QUICK - STEP', 76),
(602, 'MIRZA AL-HAMMADI', 'Yousif', 'UAE TEAM EMIRATES', 76),
(603, 'TANFIELD', 'Harry', 'TEAM KATUSHA ALPECIN', 76),
(604, 'REIJNEN', 'Kiel', 'TREK - SEGAFREDO', 75),
(605, 'SCHWARZMANN', 'Michael', 'BORA - HANSGROHE', 75),
(606, 'BARCELO ARAGON', 'Fernando', 'EUSKADI BASQUE COUNTRY - MURIAS', 74),
(607, 'BENNATI', 'Daniele', 'MOVISTAR TEAM', 74),
(608, 'FERRARI', 'Roberto', 'UAE TEAM EMIRATES', 74),
(609, 'SABATINI', 'Fabio', 'DECEUNINCK  -  QUICK - STEP', 74),
(610, 'WARLOP', 'Jordi', 'SPORT VLAANDEREN - BALOISE', 74),
(611, 'KONOVALOVAS', 'Ignatas', 'GROUPAMA - FDJ', 73),
(612, 'MINNAARD', 'Marco', 'WANTY - GOBERT CYCLING TEAM', 73),
(613, 'MONTAGUTI', 'Matteo', 'ANDRONI GIOCATTOLI - SIDERMEC', 73),
(614, 'DECLERCQ', 'Tim', 'DECEUNINCK  -  QUICK - STEP', 72),
(615, 'GRELLIER', 'Fabien', 'DIRECT ENERGIE', 72),
(616, 'SICARD', 'Romain', 'DIRECT ENERGIE', 72),
(617, 'SWIFT', 'Ben', 'TEAM SKY', 72),
(618, 'BROWN', 'Nathan', 'EF EDUCATION FIRST', 71),
(619, 'NIBALI', 'Antonio', 'BAHRAIN - MERIDA', 71),
(620, 'VANSPEYBROUCK', 'Pieter', 'WANTY - GOBERT CYCLING TEAM', 71),
(621, 'DE WITTE', 'Mathias', 'ROOMPOT - CHARLES', 70),
(622, 'DLAMINI', 'Nicholas', 'TEAM DIMENSION DATA', 70),
(623, 'DOCKER', 'Mitchell', 'EF EDUCATION FIRST', 70),
(624, 'FEDELI', 'Alessandro', 'DELKO MARSEILLE PROVENCE', 70),
(625, 'ROWE', 'Luke', 'TEAM SKY', 70),
(626, 'THOMSON', 'Jay Robert', 'TEAM DIMENSION DATA', 70),
(627, 'ARMIRAIL', 'Bruno', 'GROUPAMA - FDJ', 69),
(628, 'COUSIN', 'Jerome', 'DIRECT ENERGIE', 69),
(629, 'ISERBYT', 'Eli', 'MARLUX - BINGOAL', 69),
(630, 'PORSEV', 'Alexander', 'GAZPROM - RUSVELO', 69),
(631, 'WEEMAES', 'Sasha', 'SPORT VLAANDEREN - BALOISE', 69),
(632, 'DANIEL', 'Maxime', 'TEAM ARKEA - SAMSIC', 68),
(633, 'GUARNIERI', 'Jacopo', 'GROUPAMA - FDJ', 68),
(634, 'BROWN', 'Jonathan', 'HAGENS BERMAN AXEON', 67),
(635, 'FEILLU', 'Brice', 'TEAM ARKEA - SAMSIC', 67),
(636, 'J?RGENSEN', 'Mathias Norsgaard', 'RIWAL READYNEZ CYCLING TEAM', 67),
(637, 'LOPEZ PARADA', 'Daniel', 'BURGOS - BH', 67),
(638, 'CIMA', 'Imerio', 'NIPPO - VINI FANTINI - FAIZANE\'', 66),
(639, 'JANSE VAN RENSBURG', 'Jacques Willem', 'TEAM DIMENSION DATA', 66),
(640, 'OURSELIN', 'Paul', 'DIRECT ENERGIE', 66),
(641, 'VAN GOETHEM', 'Brian', 'LOTTO SOUDAL', 66),
(642, 'VERVAEKE', 'Louis', 'TEAM SUNWEB', 66),
(643, 'DE BACKER', 'Bert', 'VITAL CONCEPT - B&B HOTELS', 65),
(644, 'GESBERT', 'Elie', 'TEAM ARKEA - SAMSIC', 65),
(645, 'VACHON', 'Florian', 'TEAM ARKEA - SAMSIC', 65),
(646, 'ALMEIDA', 'Jo', 'HAGENS BERMAN AXEON', 64),
(647, 'FOMINYKH', 'Daniil', 'ASTANA PRO TEAM', 64),
(648, 'REINDERS', 'Elmar', 'ROOMPOT - CHARLES', 64),
(649, 'VAN GOMPEL', 'Mathias', 'SPORT VLAANDEREN - BALOISE', 64),
(650, 'WHELAN', 'James', 'EF EDUCATION FIRST', 64),
(651, 'BONNAMOUR', 'Franck', 'TEAM ARKEA - SAMSIC', 63),
(652, 'MENDOZA CARDONA', 'Omar Alberto', 'MANZANA POSTOBON TEAM', 63),
(653, 'WILLIAMS', 'Stephen', 'BAHRAIN - MERIDA', 63),
(654, 'ZACCANTI', 'Filippo', 'NIPPO - VINI FANTINI - FAIZANE\'', 63),
(655, 'BIZHIGITOV', 'Zhandos', 'ASTANA PRO TEAM', 62),
(656, 'MORI', 'Manuele', 'UAE TEAM EMIRATES', 62),
(657, 'REZA', 'Kevin', 'VITAL CONCEPT - B&B HOTELS', 62),
(658, 'RODRIGUEZ MARTIN', 'Cristian', 'CAJA RURAL - SEGUROS RGA', 62),
(659, 'ZAKHAROV', 'Artyom', 'ASTANA PRO TEAM', 62),
(660, 'ATAPUMA HURTADO', 'Jhon Darwin', 'COFIDIS SOLUTIONS CREDITS', 61),
(661, 'GUERIN', 'Alexis', 'DELKO MARSEILLE PROVENCE', 61),
(662, 'HALLER', 'Marco', 'TEAM KATUSHA ALPECIN', 61),
(663, 'TUFT', 'Svein', 'RALLY UHC CYCLING', 61),
(664, 'DUNNE', 'Conor', 'ISRAEL CYCLING ACADEMY', 60),
(665, 'BEPPU', 'Fumiyuki', 'TREK - SEGAFREDO', 59),
(666, 'PLANET', 'Charles', 'TEAM NOVO NORDISK', 59),
(667, 'DOUBEY', 'Fabien', 'WANTY - GOBERT CYCLING TEAM', 58),
(668, 'CARRETERO', 'Hector', 'MOVISTAR TEAM', 57),
(669, 'DE BOD', 'Stefan', 'TEAM DIMENSION DATA', 56),
(670, 'OCHOA CAMARGO', 'Diego Antonio', 'MANZANA POSTOBON TEAM', 56),
(671, 'SUAZA ARANGO', 'Bernardo Albeiro', 'MANZANA POSTOBON TEAM', 56),
(672, 'VINGEGAARD', 'Jonas', 'TEAM JUMBO - VISMA', 56),
(673, 'ALLEGAERT', 'Piet', 'SPORT VLAANDEREN - BALOISE', 55),
(674, 'ARMEE', 'Sander', 'LOTTO SOUDAL', 55),
(675, 'VENTOSO ALBERDI', 'Francisco Jose', 'CCC TEAM', 55),
(676, 'BEWLEY', 'Sam', 'MITCHELTON - SCOTT', 54),
(677, 'CABEDO CARDA', 'Oscar', 'BURGOS - BH', 54),
(678, 'MOINARD', 'Amael', 'TEAM ARKEA - SAMSIC', 54),
(679, 'AERTS', 'Toon', 'TELENET FIDEA LIONS', 53),
(680, 'M?LLER', 'Patrick', 'VITAL CONCEPT - B&B HOTELS', 53),
(681, 'WAEYTENS', 'Zico', 'COFIDIS SOLUTIONS CREDITS', 53),
(682, 'WOUTERS', 'Enzo', 'LOTTO SOUDAL', 52),
(683, 'GABBURO', 'Davide', 'NERI SOTTOLI SELLE ITALIA KTM', 51),
(684, 'NAESEN', 'Lawrence', 'LOTTO SOUDAL', 51),
(685, 'BARTHE', 'Cyril', 'EUSKADI BASQUE COUNTRY - MURIAS', 50),
(686, 'CLARKE', 'William', 'TREK - SEGAFREDO', 50),
(687, 'FR?HLINGER', 'Johannes', 'TEAM SUNWEB', 50),
(688, 'LINDEMAN', 'Bert-Jan', 'TEAM JUMBO - VISMA', 50),
(689, 'ARISTI GARDOKI', 'Mikel', 'EUSKADI BASQUE COUNTRY - MURIAS', 49),
(690, 'FRAME', 'Alex', 'TREK - SEGAFREDO', 49),
(691, 'MARCZYNSKI', 'Tomasz', 'LOTTO SOUDAL', 49),
(692, 'MORICE', 'Julien', 'VITAL CONCEPT - B&B HOTELS', 49),
(693, 'BROCHNER NIELSEN', 'Nicolai Philip', 'RIWAL READYNEZ CYCLING TEAM', 48),
(694, 'KEISSE', 'Iljo', 'DECEUNINCK  -  QUICK - STEP', 48),
(695, 'PETILLI', 'Simone', 'UAE TEAM EMIRATES', 48),
(696, 'LOPEZ-COZAR JAIMEZ', 'Juan Antonio', 'EUSKADI BASQUE COUNTRY - MURIAS', 47),
(697, 'PARET PEINTRE', 'Aur?lien', 'AG2R LA MONDIALE', 47),
(698, 'SCULLY', 'Tom', 'EF EDUCATION FIRST', 47),
(699, 'FLOREZ LOPEZ', 'Miguel Eduardo', 'ANDRONI GIOCATTOLI - SIDERMEC', 46),
(700, 'CUMMINGS', 'Stephen', 'TEAM DIMENSION DATA', 45),
(701, 'DELAGE', 'Mickael', 'GROUPAMA - FDJ', 45),
(702, 'DOMONT', 'Axel', 'AG2R LA MONDIALE', 45),
(703, 'IRISARRI RICON', 'Jon', 'CAJA RURAL - SEGUROS RGA', 45),
(704, 'KNEES', 'Christian', 'TEAM SKY', 45),
(705, 'TAMINIAUX', 'Lionel', 'WALLONIE BRUXELLES', 45),
(706, 'HOWES', 'Alex', 'EF EDUCATION FIRST', 44),
(707, 'LONARDI', 'Giovanni', 'NIPPO - VINI FANTINI - FAIZANE\'', 44),
(708, 'VAN DER POEL', 'David', 'CORENDON - CIRCUS', 44),
(709, 'ANDERSON', 'Ryan', 'RALLY UHC CYCLING', 43),
(710, 'DE VREESE', 'Laurens', 'ASTANA PRO TEAM', 43),
(711, 'LIETAER', 'Eliot', 'WALLONIE BRUXELLES', 43),
(712, 'LUNKE', 'Sindre Skj?stad', 'RIWAL READYNEZ CYCLING TEAM', 43),
(713, 'SAGIV', 'Guy', 'ISRAEL CYCLING ACADEMY', 43),
(714, 'VALLS FERRI', 'Rafael', 'MOVISTAR TEAM', 43),
(715, 'BOECKMANS', 'Kris', 'VITAL CONCEPT - B&B HOTELS', 42),
(716, 'BOUCHARD', 'Geoffrey', 'AG2R LA MONDIALE', 42),
(717, 'MAGNER', 'Tyler', 'RALLY UHC CYCLING', 42),
(718, 'AFFINI', 'Edoardo', 'MITCHELTON - SCOTT', 41),
(719, 'ELLSAY', 'Nigel', 'RALLY UHC CYCLING', 41),
(720, 'FENG', 'Chun Kai', 'BAHRAIN - MERIDA', 41),
(721, 'MORTON', 'Lachlan', 'EF EDUCATION FIRST', 41),
(722, 'MURPHY', 'Kyle', 'RALLY UHC CYCLING', 41),
(723, 'OLIVIER', 'Daan', 'TEAM JUMBO - VISMA', 41),
(724, 'VERMEERSCH', 'Gianni', 'CORENDON - CIRCUS', 41),
(725, 'BANASZEK', 'Alan', 'CAJA RURAL - SEGUROS RGA', 40),
(726, 'CA?ELLAS SANCHEZ', 'Xavier', 'CAJA RURAL - SEGUROS RGA', 40),
(727, 'CASTRILLO ZAPATER', 'Jaime', 'MOVISTAR TEAM', 40),
(728, 'CURVERS', 'Roy', 'TEAM SUNWEB', 40),
(729, 'HOFSTEDE', 'Lennard', 'TEAM JUMBO - VISMA', 40),
(730, 'IRIZAR ARAMBURU', 'Markel', 'TREK - SEGAFREDO', 40),
(731, 'KRON', 'Andreas Lorentz', 'RIWAL READYNEZ CYCLING TEAM', 40),
(732, 'LEMOINE', 'Cyril', 'COFIDIS SOLUTIONS CREDITS', 40),
(733, 'MAGNUSSON', 'Kim', 'RIWAL READYNEZ CYCLING TEAM', 40),
(734, 'MOTTIER', 'Justin', 'VITAL CONCEPT - B&B HOTELS', 40),
(735, 'BOL', 'Jetse', 'BURGOS - BH', 39),
(736, 'FILOSI', 'Iuri', 'DELKO MARSEILLE PROVENCE', 39),
(737, 'LEVEAU', 'J?r?my', 'DELKO MARSEILLE PROVENCE', 39),
(738, 'RUSSO', 'Cl?ment', 'TEAM ARKEA - SAMSIC', 39),
(739, 'ACOSTA OSPINA', 'Ruben Dario', 'NIPPO - VINI FANTINI - FAIZANE\'', 38),
(740, 'ALBANESE', 'Vincenzo', 'BARDIANI CSF', 38),
(741, 'KOZHATAYEV', 'Bakhtiyar', 'ASTANA PRO TEAM', 38),
(742, 'WANG', 'Meiyin', 'BAHRAIN - MERIDA', 38),
(743, 'BOOM', 'Lars', 'ROOMPOT - CHARLES', 37),
(744, 'K?MNA', 'Lennard', 'TEAM SUNWEB', 37),
(745, 'REYES ORTEGA', 'Aldemar', 'MANZANA POSTOBON TEAM', 37),
(746, 'TZORTZAKIS', 'Polychronis', 'TARTELETTO - ISOREX', 37),
(747, 'CONTRERAS PINZON', 'Rodrigo', 'ASTANA PRO TEAM', 36),
(748, 'GIBSON', 'Matthew', 'BURGOS - BH', 36),
(749, 'GREGAARD WILSLY', 'Jonas', 'ASTANA PRO TEAM', 36),
(750, 'PAASSCHENS', 'Mathijs', 'WALLONIE BRUXELLES', 36),
(751, 'LEYSEN', 'Senne', 'ROOMPOT - CHARLES', 35),
(752, 'PICHOT', 'Alexandre', 'DIRECT ENERGIE', 35),
(753, 'SAEZ BENITO', 'Hector', 'EUSKADI BASQUE COUNTRY - MURIAS', 35),
(754, 'SOUPE', 'Geoffrey', 'COFIDIS SOLUTIONS CREDITS', 35),
(755, 'SUTHERLAND', 'Rory', 'UAE TEAM EMIRATES', 35),
(756, 'VAN DER HAAR', 'Lars', 'TELENET FIDEA LIONS', 35),
(757, 'VAN TRIJP', 'Maarten', 'CORENDON - CIRCUS', 35),
(758, 'VANHOUCKE', 'Harm', 'LOTTO SOUDAL', 35),
(759, 'WALSLEBEN', 'Philipp', 'CORENDON - CIRCUS', 35),
(760, 'BERTAZZO', 'Liam', 'NERI SOTTOLI SELLE ITALIA KTM', 34),
(761, 'R?NNING VINTHER', 'Troels', 'RIWAL READYNEZ CYCLING TEAM', 34),
(762, 'SENNI', 'Manuel', 'BARDIANI CSF', 34),
(763, 'STALLAERT', 'Joeri', 'CORENDON - CIRCUS', 34),
(764, 'DEVOLDER', 'Stijn', 'CORENDON - CIRCUS', 33),
(765, 'GARCIA SOSA', 'Jhojan Orlando', 'MANZANA POSTOBON TEAM', 33),
(766, 'JOSEPH', 'Thomas', 'TARTELETTO - ISOREX', 33),
(767, 'MARCHETTI', 'Moreno', 'NERI SOTTOLI SELLE ITALIA KTM', 33),
(768, 'BARTA', 'William', 'CCC TEAM', 32),
(769, 'DE VYLDER', 'Lindsay', 'SPORT VLAANDEREN - BALOISE', 32),
(770, 'JARRIER', 'Benoit', 'TEAM ARKEA - SAMSIC', 32),
(771, 'WIRTGEN', 'Tom', 'WALLONIE BRUXELLES', 32),
(772, 'GHYS', 'Robbe', 'SPORT VLAANDEREN - BALOISE', 31),
(773, 'VAN EMPEL', 'Etienne', 'NERI SOTTOLI SELLE ITALIA KTM', 31),
(774, 'VOROBYEV', 'Anton', 'GAZPROM - RUSVELO', 31),
(775, 'BOU COMPANY', 'Joan', 'NIPPO - VINI FANTINI - FAIZANE\'', 30),
(776, 'CHETOUT', 'Loic', 'COFIDIS SOLUTIONS CREDITS', 30),
(777, 'GRUZDEV', 'Dmitriy', 'ASTANA PRO TEAM', 30),
(778, 'HUFFMAN', 'Evan', 'RALLY UHC CYCLING', 30),
(779, 'PE?ALVER ANIORTE', 'Manuel', 'BURGOS - BH', 30),
(780, 'SCHMIDT', 'Fabien', 'DELKO MARSEILLE PROVENCE', 30),
(781, 'STOCKMAN', 'Abram', 'TARTELETTO - ISOREX', 30),
(782, 'STOCKMAN', 'Michiel', 'TARTELETTO - ISOREX', 30),
(783, 'CANT', 'Jelle', 'TARTELETTO - ISOREX', 29),
(784, 'RAYMACKERS', 'Cedric', 'CIBEL', 29),
(785, 'RENSHAW', 'Mark', 'TEAM DIMENSION DATA', 29),
(786, 'BOEV', 'Igor', 'GAZPROM - RUSVELO', 28),
(787, 'COTE', 'Pier Andre', 'RALLY UHC CYCLING', 28),
(788, 'VEYHE', 'Torkil', 'RIWAL READYNEZ CYCLING TEAM', 28),
(789, 'COENEN', 'Dennis', 'CIBEL', 27),
(790, 'MORA VEDRI', 'Sebastian', 'CAJA RURAL - SEGUROS RGA', 27),
(791, 'NATAROV', 'Yuriy', 'ASTANA PRO TEAM', 27),
(792, 'SPENGLER', 'Lukas', 'WALLONIE BRUXELLES', 27),
(793, 'COURTEILLE', 'Arnaud', 'VITAL CONCEPT - B&B HOTELS', 26),
(794, 'GOLDSTEIN', 'Omer', 'ISRAEL CYCLING ACADEMY', 26),
(795, 'VAN BREUSSEGEM', 'Elias', 'TARTELETTO - ISOREX', 26),
(796, 'WAGNER', 'Robert Thomas', 'TEAM ARKEA - SAMSIC', 26),
(797, 'CHEVRIER', 'Cl?ment', 'AG2R LA MONDIALE', 25),
(798, 'CUBERO GALVEZ', 'Jorge', 'BURGOS - BH', 25),
(799, 'MURPHY', 'John', 'RALLY UHC CYCLING', 25),
(800, 'PARRA ARIAS', 'Jordan Arley', 'MANZANA POSTOBON TEAM', 25),
(801, 'ASSELMAN', 'Jesper', 'ROOMPOT - CHARLES', 24),
(802, 'BAGOT', 'Yoann', 'VITAL CONCEPT - B&B HOTELS', 24),
(803, 'CUADROS MORATA', 'Alvaro', 'CAJA RURAL - SEGUROS RGA', 24),
(804, 'DIELEMAN', 'Michiel', 'CIBEL', 24),
(805, 'KOBERNYAK', 'Evgeny', 'GAZPROM - RUSVELO', 24),
(806, 'SERRANO RODRIGUEZ', 'Gonzalo', 'CAJA RURAL - SEGUROS RGA', 24),
(807, 'AGNOLI', 'Valerio', 'BAHRAIN - MERIDA', 23),
(808, 'FRAPPORTI', 'Mattia', 'ANDRONI GIOCATTOLI - SIDERMEC', 23),
(809, 'PERON', 'Andrea', 'TEAM NOVO NORDISK', 23),
(810, 'AMEZQUETA MORENO', 'Julen', 'CAJA RURAL - SEGUROS RGA', 22),
(811, 'BOUVRY', 'Dieter', 'CIBEL', 22),
(812, 'MEISEN', 'Marcel', 'CORENDON - CIRCUS', 22),
(813, 'STEVENS', 'Timothy', 'CIBEL', 22),
(814, 'DE ROSSI', 'Lucas', 'DELKO MARSEILLE PROVENCE', 21),
(815, 'HATSUYAMA', 'Sho', 'NIPPO - VINI FANTINI - FAIZANE\'', 21),
(816, 'JARAMILLO DIEZ', 'Daniel Alexander', 'MANZANA POSTOBON TEAM', 21),
(817, 'KUSZTOR', 'P?ter', 'TEAM NOVO NORDISK', 21),
(818, 'NIEUWENHUIS', 'Joris', 'TEAM SUNWEB', 21),
(819, 'RIOU', 'Alan', 'TEAM ARKEA - SAMSIC', 21),
(820, 'VAN POUCKE', 'Aaron', 'SPORT VLAANDEREN - BALOISE', 21),
(821, 'GARRISON', 'Ian', 'HAGENS BERMAN AXEON', 20),
(822, 'KASPERKIEWICZ', 'Przemyslaw', 'DELKO MARSEILLE PROVENCE', 20),
(823, 'KULIKOVSKIY', 'Alexandr', 'GAZPROM - RUSVELO', 20),
(824, 'MOREIRA', 'Mauricio', 'CAJA RURAL - SEGUROS RGA', 20),
(825, 'OWEN', 'Logan', 'EF EDUCATION FIRST', 20),
(826, 'RIVERA SERRANO', 'Kevin', 'ANDRONI GIOCATTOLI - SIDERMEC', 20),
(827, 'ROMANO', 'Francesco', 'BARDIANI CSF', 20),
(828, 'VAN STAEYEN', 'Micha', 'ROOMPOT - CHARLES', 20),
(829, 'BURGAUDEAU', 'Mathieu', 'DIRECT ENERGIE', 19),
(830, 'ITO', 'Masakazu', 'NIPPO - VINI FANTINI - FAIZANE\'', 19),
(831, 'PAUWELS', 'Kevin', 'MARLUX - BINGOAL', 19),
(832, 'ANDEMESKEL', 'Awet', 'ISRAEL CYCLING ACADEMY', 18),
(833, 'FORTUNATO', 'Lorenzo', 'NERI SOTTOLI SELLE ITALIA KTM', 18),
(834, 'MORTIER', 'Julien', 'WALLONIE BRUXELLES', 18),
(835, 'SHALUNOV', 'Evgeny', 'GAZPROM - RUSVELO', 18),
(836, 'TRARIEUX', 'Julien', 'DELKO MARSEILLE PROVENCE', 18),
(837, 'KULIKOV', 'Vladislav', 'GAZPROM - RUSVELO', 17),
(838, 'OSORIO CARVAJAL', 'Alejandro', 'NIPPO - VINI FANTINI - FAIZANE\'', 17),
(839, 'AAEN', 'Jonas', 'RIWAL READYNEZ CYCLING TEAM', 16),
(840, 'KURIYANOV', 'Stepan', 'GAZPROM - RUSVELO', 16),
(841, 'ORONTE', 'Emerson', 'RALLY UHC CYCLING', 16),
(842, 'BRAND', 'Sam', 'TEAM NOVO NORDISK', 15),
(843, 'CHERKASOV', 'Nikolai', 'GAZPROM - RUSVELO', 15),
(844, 'ERMENAULT', 'Corentin', 'VITAL CONCEPT - B&B HOTELS', 15),
(845, 'GOLDSTEIN', 'Roy', 'ISRAEL CYCLING ACADEMY', 15),
(846, 'HOLOWESKO', 'Liam', 'HAGENS BERMAN AXEON', 15),
(847, 'MARONESE', 'Marco', 'BARDIANI CSF', 15),
(848, 'RODRIGUEZ RECHE', 'Sergio', 'EUSKADI BASQUE COUNTRY - MURIAS', 15),
(849, 'STEELS', 'Stijn', 'ROOMPOT - CHARLES', 15),
(850, 'DEBRUYNE', 'Glenn', 'CIBEL', 14),
(851, 'LIVYNS', 'Arjen', 'ROOMPOT - CHARLES', 14),
(852, 'NAULEAU', 'Bryan', 'DIRECT ENERGIE', 14),
(853, 'OSORIO ARBOLEDA', 'Juan Felipe', 'MANZANA POSTOBON TEAM', 14),
(854, 'QUEMENEUR', 'Perrig', 'DIRECT ENERGIE', 14),
(855, 'LAFAY', 'Victor', 'COFIDIS SOLUTIONS CREDITS', 13),
(856, 'LE ROUX', 'Romain', 'TEAM ARKEA - SAMSIC', 13),
(857, 'MU?OZ LANCHEROS', 'Cristian Camilo', 'UAE TEAM EMIRATES', 13),
(858, 'SAVINI', 'Daniel', 'BARDIANI CSF', 13),
(859, 'INTXAUSTI ELORRIAGA', 'Be?at', 'EUSKADI BASQUE COUNTRY - MURIAS', 12),
(860, 'IRIZAR LASKURAIN', 'Julen', 'EUSKADI BASQUE COUNTRY - MURIAS', 12),
(861, 'PESSOT', 'Alessandro', 'BARDIANI CSF', 12),
(862, 'ANDERSON', 'Edward', 'HAGENS BERMAN AXEON', 11),
(863, 'MATHIS', 'Marco', 'COFIDIS SOLUTIONS CREDITS', 11),
(864, 'MONIQUET', 'Sylvain', 'WALLONIE - BRUXELLES DEVELOPMENT TEAM', 11),
(865, 'SELLIER', 'Simon', 'DIRECT ENERGIE', 11),
(866, 'VANTHOURENHOUT', 'Michael', 'MARLUX - BINGOAL', 11),
(867, 'EISEL', 'Bernhard', 'TEAM DIMENSION DATA', 10),
(868, 'HENTTALA', 'Joonas', 'TEAM NOVO NORDISK', 10),
(869, 'REYNAERTS', 'Jan', 'CIBEL', 10),
(870, 'RICE', 'Michael', 'HAGENS BERMAN AXEON', 10),
(871, 'RIKUNOV', 'Petr', 'GAZPROM - RUSVELO', 10),
(872, 'SWEECK', 'Diether', 'PAUWELS SAUZEN - VASTGOEDSERVICE CONTINENTAL TEAM', 10),
(873, 'SWEECK', 'Laurens', 'PAUWELS SAUZEN - VASTGOEDSERVICE CONTINENTAL TEAM', 10),
(874, 'VAN DINGENEN', 'Jordi', 'TARTELETTO - ISOREX', 10),
(875, 'WILLEMS', 'Thimo', 'SPORT VLAANDEREN - BALOISE', 10),
(876, 'NIV', 'Guy', 'ISRAEL CYCLING ACADEMY', 9),
(877, 'REYNAERTS', 'Wim', 'CIBEL', 9),
(878, 'REYNDERS', 'Jens', 'WALLONIE - BRUXELLES DEVELOPMENT TEAM', 9),
(879, 'SAMITIER SAMITIER', 'Sergio', 'EUSKADI BASQUE COUNTRY - MURIAS', 9),
(880, 'VAN DEN BRANDE', 'Julien', 'TARTELETTO - ISOREX', 9),
(881, 'BOUCHER', 'David', 'TARTELETTO - ISOREX', 8),
(882, 'DE CLERCQ', 'Angelo', 'MARLUX - BINGOAL', 8),
(883, 'EGHOLM', 'Jakob', 'HAGENS BERMAN AXEON', 8),
(884, 'MAES', 'Alexander', 'CIBEL', 8),
(885, 'MOLLY', 'Kenny', 'WALLONIE BRUXELLES', 8),
(886, 'COVILI', 'Luca', 'BARDIANI CSF', 7),
(887, 'DE ROOZE', 'Niels', 'TARTELETTO - ISOREX', 7),
(888, 'MARENGO', 'Umberto', 'NERI SOTTOLI SELLE ITALIA KTM', 7),
(889, 'M?RCH KONGSTAD', 'Tobias', 'RIWAL READYNEZ CYCLING TEAM', 7),
(890, 'SCOTSON', 'Callum', 'MITCHELTON - SCOTT', 7),
(891, 'ROBEET', 'Ludovic', 'WALLONIE BRUXELLES', 6),
(892, 'STASH', 'Mamyr', 'GAZPROM - RUSVELO', 6),
(893, 'AERNOUTS', 'Jim', 'TELENET FIDEA LIONS', 5),
(894, 'AMADOR CASTA?O', 'Juan Jose', 'MANZANA POSTOBON TEAM', 5),
(895, 'BARRENETXEA URIARTE', 'Ander', 'EUSKADI BASQUE COUNTRY - MURIAS', 5),
(896, 'BEVILACQUA', 'Simone', 'NERI SOTTOLI SELLE ITALIA KTM', 5),
(897, 'BONNET', 'William', 'GROUPAMA - FDJ', 5),
(898, 'GOMEZ PE?ALOZA', 'Bryan Steve', 'MANZANA POSTOBON TEAM', 5),
(899, 'KAMSTRA', 'Brian', 'TEAM NOVO NORDISK', 5),
(900, 'ORSINI', 'Umberto', 'BARDIANI CSF', 5),
(901, 'PLANCKAERT', 'Emiel', 'SPORT VLAANDEREN - BALOISE', 5),
(902, 'POLI', 'Umberto', 'TEAM NOVO NORDISK', 5),
(903, 'RODRIGUES CARVALHO', 'Andr', 'HAGENS BERMAN AXEON', 5),
(904, 'ROSA', 'Massimo', 'NERI SOTTOLI SELLE ITALIA KTM', 5),
(905, 'SESSLER', 'Nicolas', 'BURGOS - BH', 5),
(906, 'SIX', 'Franklin', 'WALLONIE BRUXELLES', 5),
(907, 'TIMMERMANS', 'Justin', 'ROOMPOT - CHARLES', 5),
(908, 'VAN VUCHELEN', 'Tom', 'WALLONIE - BRUXELLES DEVELOPMENT TEAM', 5),
(909, 'VERWILST', 'Aaron', 'SPORT VLAANDEREN - BALOISE', 5),
(910, 'YOSHIDA', 'Hayato', 'NIPPO - VINI FANTINI - FAIZANE\'', 5),
(911, 'DE KETELE', 'Kenny', 'SPORT VLAANDEREN - BALOISE', 4),
(912, 'GENE', 'Yohann', 'DIRECT ENERGIE', 4),
(913, 'VIEL', 'Mattia', 'ANDRONI GIOCATTOLI - SIDERMEC', 4),
(914, 'CALABRIA', 'Fabio', 'TEAM NOVO NORDISK', 3),
(915, 'FEDRIGO', 'Leonardo', 'ANDRONI GIOCATTOLI - SIDERMEC', 3),
(916, 'CAM', 'Maxime', 'VITAL CONCEPT - B&B HOTELS', 2),
(917, 'FREHEN', 'J?r?my', 'WALLONIE - BRUXELLES DEVELOPMENT TEAM', 2);
INSERT INTO `mb_renners` (`code`, `renner`, `voornaam`, `ploeg`, `punten`) VALUES
(918, 'MUNOZ GIRALDO', 'Daniel', 'ANDRONI GIOCATTOLI - SIDERMEC', 2),
(919, 'SAENZ BALLESTEROS', 'Nicolas', 'MANZANA POSTOBON TEAM', 2),
(920, 'REX', 'Laurenz', 'WALLONIE - BRUXELLES DEVELOPMENT TEAM', 1),
(921, 'ZIJLAARD', 'Maikel', 'HAGENS BERMAN AXEON', 1),
(922, 'AERTS', 'Thijs', 'TELENET FIDEA LIONS', 0),
(923, 'ARERUYA', 'Joseph', 'DELKO MARSEILLE PROVENCE', 0),
(924, 'AVILA VANEGAS', 'Edwin Alcibiades', 'ISRAEL CYCLING ACADEMY', 0),
(925, 'BASSO', 'Leonardo', 'TEAM SKY', 0),
(926, 'BEHRINGER', 'Oliver', 'TEAM NOVO NORDISK', 0),
(927, 'BEKAERT', 'Yentl', 'TELENET FIDEA LIONS', 0),
(928, 'BENHAMOUDA', 'Mehdi', 'TEAM NOVO NORDISK', 0),
(929, 'BERRADE FERNANDEZ', 'Urko', 'EUSKADI BASQUE COUNTRY - MURIAS', 0),
(930, 'BONGIORNO', 'Francesco Manuel', 'NERI SOTTOLI SELLE ITALIA KTM', 0),
(931, 'BOUHANNI', 'Rayane', 'COFIDIS SOLUTIONS CREDITS', 0),
(932, 'BOUSSAER', 'Bryan', 'TARTELETTO - ISOREX', 0),
(933, 'CARISEY', 'Cl?ment', 'ISRAEL CYCLING ACADEMY', 0),
(934, 'CASTRIQUE', 'Jonas', 'WALLONIE - BRUXELLES DEVELOPMENT TEAM', 0),
(935, 'CHIA BERMUDEZ', 'Luis Carlos', 'MANZANA POSTOBON TEAM', 0),
(936, 'CLANCY', 'Stephen', 'TEAM NOVO NORDISK', 0),
(937, 'CLEPPE', 'Nicolas', 'TELENET FIDEA LIONS', 0),
(938, 'COOLS', 'Alexander', 'CIBEL', 0),
(939, 'DAL-CIN', 'Matteo', 'RALLY UHC CYCLING', 0),
(940, 'DAVIS', 'Cole', 'HAGENS BERMAN AXEON', 0),
(941, 'DE CLERCQ', 'Bart', 'WANTY - GOBERT CYCLING TEAM', 0),
(942, 'DE PAUW', 'Moreno', 'SPORT VLAANDEREN - BALOISE', 0),
(943, 'DEBEIR', 'Arno', 'MARLUX - BINGOAL', 0),
(944, 'DEPREZ', 'Tuur', 'CIBEL', 0),
(945, 'DEWULF', 'Maxim', 'MARLUX - BINGOAL', 0),
(946, 'DOPCHIE', 'F?lix', 'WALLONIE - BRUXELLES DEVELOPMENT TEAM', 0),
(947, 'EVENEPOEL', 'Remco', 'DECEUNINCK  -  QUICK - STEP', 0),
(948, 'EYSKENS', 'Jeroen', 'CIBEL', 0),
(949, 'FAGERHAUG', 'Petter', 'CORENDON - CIRCUS', 0),
(950, 'FERDINANDE', 'Anton', 'MARLUX - BINGOAL', 0),
(951, 'FONTAINE', 'Emerson', 'WALLONIE - BRUXELLES DEVELOPMENT TEAM', 0),
(952, 'FOURNIER', 'Marc', 'VITAL CONCEPT - B&B HOTELS', 0),
(953, 'GAREL', 'Adrien', 'VITAL CONCEPT - B&B HOTELS', 0),
(954, 'GAROSIO', 'Andrea', 'BAHRAIN - MERIDA', 0),
(955, 'GOEMAN', 'Andreas', 'TELENET FIDEA LIONS', 0),
(956, 'GOEMAN', 'Jonas', 'TARTELETTO - ISOREX', 0),
(957, 'GONZALEZ LOPEZ', 'David', 'CAJA RURAL - SEGUROS RGA', 0),
(958, 'GUERNALEC', 'Thibault', 'TEAM ARKEA - SAMSIC', 0),
(959, 'HAGEN', 'Carl Fredrik', 'LOTTO SOUDAL', 0),
(960, 'IRVINE', 'Declan', 'TEAM NOVO NORDISK', 0),
(961, 'IVERSEN', 'Rasmus Byriel', 'LOTTO SOUDAL', 0),
(962, 'JOURNIAUX', 'Axel', 'DIRECT ENERGIE', 0),
(963, 'KAMP', 'Ryan', 'MARLUX - BINGOAL', 0),
(964, 'KONIG', 'Leopold', 'BORA - HANSGROHE', 0),
(965, 'KURBATOV', 'Aleksei', 'GAZPROM - RUSVELO', 0),
(966, 'LANGELLOTTI', 'Victor', 'BURGOS - BH', 0),
(967, 'LOOCKX', 'Lander', 'PAUWELS SAUZEN - VASTGOEDSERVICE CONTINENTAL TEAM', 0),
(968, 'MEEUSEN', 'Tom', 'CORENDON - CIRCUS', 0),
(969, 'MERLIER', 'Braam', 'PAUWELS SAUZEN - VASTGOEDSERVICE CONTINENTAL TEAM', 0),
(970, 'MINI', 'Emanuel', 'TEAM NOVO NORDISK', 0),
(971, 'MITRI', 'James', 'BURGOS - BH', 0),
(972, 'MORIN', 'Emmanuel', 'COFIDIS SOLUTIONS CREDITS', 0),
(973, 'MOSTOV', 'Zeke', 'HAGENS BERMAN AXEON', 0),
(974, 'MUNDAY', 'Samuel', 'TEAM NOVO NORDISK', 0),
(975, 'NEKRASOV', 'Denis', 'GAZPROM - RUSVELO', 0),
(976, 'NIELSEN', 'Andreas', 'RIWAL READYNEZ CYCLING TEAM', 0),
(977, 'NISHIMURA', 'Hiroki', 'NIPPO - VINI FANTINI - FAIZANE\'', 0),
(978, 'PAQUOT', 'Tom', 'WALLONIE - BRUXELLES DEVELOPMENT TEAM', 0),
(979, 'PEETERS', 'Yannick', 'PAUWELS SAUZEN - VASTGOEDSERVICE CONTINENTAL TEAM', 0),
(980, 'PESTIAUX', 'Yann', 'WALLONIE - BRUXELLES DEVELOPMENT TEAM', 0),
(981, 'QUINN', 'Sean', 'HAGENS BERMAN AXEON', 0),
(982, 'QUINTERO NORE?A', 'Carlos Julian', 'MANZANA POSTOBON TEAM', 0),
(983, 'RELAES', 'Jacob', 'CIBEL', 0),
(984, 'REVARD', 'Thomas', 'HAGENS BERMAN AXEON', 0),
(985, 'ROBREDO CRESPO', 'Alvaro', 'BURGOS - BH', 0),
(986, 'ROUILLER', 'Loris', 'CORENDON - CIRCUS', 0),
(987, 'SAIDOV', 'Ulugbek', 'TEAM NOVO NORDISK', 0),
(988, 'SCHREURS', 'Hamish', 'ISRAEL CYCLING ACADEMY', 0),
(989, 'SEFA', 'Ylber', 'TARTELETTO - ISOREX', 0),
(990, 'SOETE', 'Daan', 'PAUWELS SAUZEN - VASTGOEDSERVICE CONTINENTAL TEAM', 0),
(991, 'SUREDA MOREY', 'Jaume', 'BURGOS - BH', 0),
(992, 'TASSET', 'Marvin', 'WALLONIE - BRUXELLES DEVELOPMENT TEAM', 0),
(993, 'TILLER', 'Rasmus Fossum', 'TEAM DIMENSION DATA', 0),
(994, 'UDONDO SANTAMARIA', 'Gotzon', 'EUSKADI BASQUE COUNTRY - MURIAS', 0),
(995, 'VACEK', 'Karel', 'HAGENS BERMAN AXEON', 0),
(996, 'VAKO', 'Petr', 'DECEUNINCK  -  QUICK - STEP', 0),
(997, 'VAN KESSEL', 'Corne', 'TELENET FIDEA LIONS', 0),
(998, 'VANDEBOSCH', 'Toon', 'PAUWELS SAUZEN - VASTGOEDSERVICE CONTINENTAL TEAM', 0),
(999, 'VANDEPITTE', 'Nathan', 'WALLONIE - BRUXELLES DEVELOPMENT TEAM', 0),
(1000, 'VANTHOURENHOUT', 'Dieter', 'MARLUX - BINGOAL', 0),
(1001, 'VENNER', 'Quentin', 'WALLONIE - BRUXELLES DEVELOPMENT TEAM', 0),
(1002, 'VERBEECK', 'Sven', 'WALLONIE - BRUXELLES DEVELOPMENT TEAM', 0),
(1003, 'VERMAERKE', 'Kevin', 'HAGENS BERMAN AXEON', 0),
(1004, 'VIEJO REDONDO', 'Jose Daniel', 'EUSKADI BASQUE COUNTRY - MURIAS', 0),
(1005, 'WERNIMONT', 'Nicolas', 'WALLONIE - BRUXELLES DEVELOPMENT TEAM', 0),
(1006, 'WIRTGEN', 'Luc', 'WALLONIE - BRUXELLES DEVELOPMENT TEAM', 0),
(1007, 'VAN AERT', 'WOUT', 'TEAM JUMBO - VISMA', 0);

-- --------------------------------------------------------

--
-- Tabelstructuur voor tabel `mb_renners_wedstrijdscore`
--

CREATE TABLE `mb_renners_wedstrijdscore` (
  `id` int(11) NOT NULL,
  `id_wedstrijd` int(11) NOT NULL,
  `id_renner` int(11) NOT NULL,
  `score` int(11) NOT NULL
) ENGINE=MyISAM DEFAULT CHARSET=latin1;

--
-- Gegevens worden geëxporteerd voor tabel `mb_renners_wedstrijdscore`
--

INSERT INTO `mb_renners_wedstrijdscore` (`id`, `id_wedstrijd`, `id_renner`, `score`) VALUES
(390, 1, 69, 1750),
(391, 1, 10, 1300),
(392, 1, 12, 1000),
(393, 1, 76, 800),
(394, 1, 41, 600),
(395, 1, 120, 500),
(396, 1, 56, 400),
(397, 1, 38, 350),
(398, 1, 91, 300),
(399, 1, 34, 250),
(400, 1, 176, 200),
(401, 1, 17, 180),
(402, 1, 1007, 160),
(403, 1, 174, 140),
(404, 1, 453, 120),
(405, 1, 40, 100),
(406, 1, 710, 90),
(407, 1, 135, 80),
(408, 1, 123, 70),
(409, 1, 27, 60),
(410, 1, 358, 50),
(411, 1, 118, 45),
(412, 1, 390, 40),
(413, 1, 313, 35),
(414, 1, 188, 30),
(415, 1, 516, 30),
(416, 1, 764, 30),
(417, 1, 296, 30),
(418, 1, 243, 30),
(419, 1, 67, 30),
(420, 2, 40, 1250),
(421, 2, 296, 1000),
(422, 2, 27, 700),
(423, 2, 39, 500),
(424, 2, 56, 400),
(425, 2, 145, 350),
(426, 2, 176, 300),
(427, 2, 68, 250),
(428, 2, 278, 200),
(429, 2, 108, 150),
(430, 2, 77, 140),
(431, 2, 546, 130),
(432, 2, 414, 120),
(433, 2, 331, 110),
(434, 2, 121, 100),
(435, 2, 65, 90),
(436, 2, 18, 80),
(437, 2, 388, 70),
(438, 2, 334, 60),
(439, 2, 243, 50),
(440, 3, 5, 1750),
(441, 3, 31, 1300),
(442, 3, 1007, 1000),
(443, 3, 69, 800),
(444, 3, 37, 600),
(445, 3, 10, 500),
(446, 3, 76, 400),
(447, 3, 269, 350),
(448, 3, 95, 300),
(449, 3, 12, 250),
(450, 3, 56, 200),
(451, 3, 6, 180),
(452, 3, 128, 160),
(453, 3, 118, 140),
(454, 3, 135, 120),
(455, 3, 87, 100),
(456, 3, 78, 90),
(457, 3, 390, 80),
(458, 3, 281, 70),
(459, 3, 89, 60),
(460, 3, 233, 50),
(461, 3, 117, 45),
(462, 3, 115, 40),
(463, 3, 317, 35),
(464, 3, 254, 30),
(465, 3, 304, 30),
(466, 3, 444, 30),
(467, 3, 556, 30),
(468, 3, 63, 30),
(469, 3, 173, 30),
(470, 4, 24, 2500),
(471, 4, 25, 2000),
(472, 4, 13, 1500),
(473, 4, 163, 1300),
(474, 4, 14, 1100),
(475, 4, 49, 1000),
(476, 4, 80, 900),
(477, 4, 40, 800),
(478, 4, 42, 700),
(479, 4, 122, 600),
(480, 4, 99, 550),
(481, 4, 106, 500),
(482, 4, 34, 450),
(483, 4, 74, 400),
(484, 4, 38, 350),
(485, 4, 96, 300),
(486, 4, 41, 250),
(487, 4, 119, 230),
(488, 4, 102, 210),
(489, 4, 540, 190),
(490, 4, 22, 170),
(491, 4, 421, 150),
(492, 4, 243, 130),
(493, 4, 433, 110),
(494, 4, 3, 100),
(495, 4, 23, 90),
(496, 4, 142, 80),
(497, 4, 11, 70),
(498, 4, 321, 60),
(499, 4, 492, 50),
(500, 5, 8, 1750),
(501, 5, 50, 1300),
(502, 5, 31, 1000),
(503, 5, 7, 800),
(504, 5, 9, 600),
(505, 5, 5, 500),
(506, 5, 111, 400),
(507, 5, 269, 350),
(508, 5, 78, 300),
(509, 5, 92, 250),
(510, 5, 275, 200),
(511, 5, 37, 180),
(512, 5, 76, 160),
(513, 5, 279, 140),
(514, 5, 71, 120),
(515, 5, 10, 100),
(516, 5, 35, 90),
(517, 5, 12, 80),
(518, 5, 95, 70),
(519, 5, 52, 60),
(520, 5, 148, 50),
(521, 5, 70, 45),
(522, 5, 126, 40),
(523, 5, 835, 35),
(524, 5, 117, 30),
(525, 5, 266, 30),
(526, 5, 89, 30),
(527, 5, 127, 30),
(528, 5, 236, 30),
(529, 5, 254, 30),
(530, 6, 5, 2500),
(531, 6, 34, 2000),
(532, 6, 13, 1500),
(533, 6, 2, 1300),
(534, 6, 35, 1100),
(535, 6, 1007, 1000),
(536, 6, 1, 900),
(537, 6, 71, 800),
(538, 6, 269, 700),
(539, 6, 91, 600),
(540, 6, 7, 550),
(541, 6, 17, 500),
(542, 6, 358, 450),
(543, 6, 19, 400),
(544, 6, 90, 350),
(545, 6, 85, 300),
(546, 6, 662, 250),
(547, 6, 165, 230),
(548, 6, 115, 210),
(549, 6, 131, 190),
(550, 6, 240, 170),
(551, 6, 566, 150),
(552, 6, 162, 130),
(553, 6, 346, 110),
(554, 6, 314, 100),
(555, 6, 446, 90),
(556, 6, 123, 80),
(557, 6, 49, 70),
(558, 6, 64, 60),
(559, 6, 120, 50),
(560, 7, 39, 1250),
(561, 7, 85, 1000),
(562, 7, 4, 700),
(563, 7, 132, 500),
(564, 7, 167, 400),
(565, 7, 391, 350),
(566, 7, 267, 300),
(567, 7, 314, 250),
(568, 7, 131, 200),
(569, 7, 165, 150),
(570, 7, 272, 140),
(571, 7, 412, 130),
(572, 7, 65, 120),
(573, 7, 684, 110),
(574, 7, 273, 100),
(575, 7, 205, 90),
(576, 7, 219, 80),
(577, 7, 261, 70),
(578, 7, 334, 60),
(579, 7, 115, 50),
(580, 8, 69, 1750),
(581, 8, 1007, 1300),
(582, 8, 10, 1000),
(583, 8, 275, 800),
(584, 8, 40, 600),
(585, 8, 123, 500),
(586, 8, 91, 400),
(587, 8, 34, 350),
(588, 8, 330, 300),
(589, 8, 246, 250),
(590, 8, 38, 200),
(591, 8, 453, 180),
(592, 8, 21, 160),
(593, 8, 176, 140),
(594, 8, 27, 120),
(595, 8, 37, 100),
(596, 8, 2, 90),
(597, 8, 56, 80),
(598, 8, 662, 70),
(599, 8, 90, 60),
(600, 8, 19, 50),
(601, 8, 43, 45),
(602, 8, 414, 40),
(603, 8, 313, 35),
(604, 8, 145, 30),
(605, 8, 108, 30),
(606, 8, 35, 30),
(607, 8, 546, 30),
(608, 8, 527, 30),
(609, 8, 526, 30),
(610, 9, 19, 1750),
(611, 9, 43, 1300),
(612, 9, 34, 1000),
(613, 9, 104, 800),
(614, 9, 67, 600),
(615, 9, 388, 500),
(616, 9, 91, 400),
(617, 9, 484, 350),
(618, 9, 35, 300),
(619, 9, 121, 250),
(620, 9, 88, 200),
(621, 9, 108, 180),
(622, 9, 37, 160),
(623, 9, 315, 140),
(624, 9, 176, 120),
(625, 9, 135, 100),
(626, 9, 20, 90),
(627, 9, 625, 80),
(628, 9, 4, 70),
(629, 9, 10, 60),
(630, 9, 85, 50),
(631, 9, 38, 45),
(632, 9, 27, 40),
(633, 9, 240, 35),
(634, 9, 165, 30),
(635, 9, 453, 30),
(636, 9, 662, 30),
(637, 9, 724, 30),
(638, 9, 1007, 30),
(639, 9, 485, 30),
(640, 10, 104, 1250),
(641, 10, 315, 1000),
(642, 10, 40, 700),
(643, 10, 455, 500),
(644, 10, 37, 400),
(645, 10, 625, 350),
(646, 10, 67, 300),
(647, 10, 56, 250),
(648, 10, 54, 200),
(649, 10, 507, 150),
(650, 10, 176, 140),
(651, 10, 19, 130),
(652, 10, 388, 120),
(653, 10, 20, 110),
(654, 10, 35, 100),
(655, 10, 414, 90),
(656, 10, 115, 80),
(657, 10, 165, 70),
(658, 10, 34, 60),
(659, 10, 188, 50),
(660, 11, 275, 2500),
(661, 11, 282, 2000),
(662, 11, 19, 1500),
(663, 11, 104, 1300),
(664, 11, 123, 1100),
(665, 11, 17, 1000),
(666, 11, 34, 900),
(667, 11, 1, 800),
(668, 11, 37, 700),
(669, 11, 10, 600),
(670, 11, 2, 550),
(671, 11, 176, 500),
(672, 11, 450, 450),
(673, 11, 1007, 400),
(674, 11, 453, 350),
(675, 11, 40, 300),
(676, 11, 56, 250),
(677, 11, 174, 230),
(678, 11, 20, 210),
(679, 11, 514, 190),
(680, 11, 91, 170),
(681, 11, 330, 150),
(682, 11, 268, 130),
(683, 11, 414, 110),
(684, 11, 86, 100),
(685, 11, 388, 90),
(686, 11, 625, 80),
(687, 11, 16, 70),
(688, 11, 43, 60),
(689, 11, 21, 50),
(690, 12, 62, 1250),
(691, 12, 161, 1000),
(692, 12, 384, 700),
(693, 12, 77, 500),
(694, 12, 273, 400),
(695, 12, 715, 350),
(696, 12, 662, 300),
(697, 12, 338, 250),
(698, 12, 175, 200),
(699, 12, 428, 150),
(700, 12, 267, 140),
(701, 12, 757, 130),
(702, 12, 693, 120),
(703, 12, 58, 110),
(704, 12, 328, 100),
(705, 12, 684, 90),
(706, 12, 567, 80),
(707, 12, 313, 70),
(708, 12, 682, 60),
(709, 12, 531, 50),
(710, 13, 38, 2500),
(711, 13, 123, 2000),
(712, 13, 56, 1500),
(713, 13, 86, 1300),
(714, 13, 2, 1100),
(715, 13, 145, 1000),
(716, 13, 165, 900),
(717, 13, 69, 800),
(718, 13, 544, 700),
(719, 13, 453, 600),
(720, 13, 135, 550),
(721, 13, 10, 500),
(722, 13, 34, 450),
(723, 13, 507, 400),
(724, 13, 388, 350),
(725, 13, 662, 300),
(726, 13, 16, 250),
(727, 13, 315, 230),
(728, 13, 77, 210),
(729, 13, 643, 190),
(730, 13, 174, 170),
(731, 13, 1007, 150),
(732, 13, 514, 130),
(733, 13, 371, 110),
(734, 13, 710, 100),
(735, 13, 1008, 90),
(736, 13, 20, 80),
(737, 13, 43, 70),
(738, 13, 176, 60),
(739, 13, 555, 50),
(740, 14, 104, 1250),
(741, 14, 5, 1000),
(742, 14, 12, 700),
(743, 14, 17, 500),
(744, 14, 183, 400),
(745, 14, 275, 350),
(746, 14, 147, 300),
(747, 14, 229, 250),
(748, 14, 128, 200),
(749, 14, 154, 150),
(750, 14, 167, 140),
(751, 14, 170, 130),
(752, 14, 495, 120),
(753, 14, 250, 110),
(754, 14, 89, 100),
(755, 14, 308, 90),
(756, 14, 253, 80),
(757, 14, 84, 70),
(758, 14, 680, 60),
(759, 14, 319, 50),
(760, 15, 104, 1750),
(761, 15, 269, 1300),
(762, 15, 31, 1000),
(763, 15, 5, 800),
(764, 15, 63, 600),
(765, 15, 183, 500),
(766, 15, 142, 400),
(767, 15, 99, 350),
(768, 15, 14, 300),
(769, 15, 91, 250),
(770, 15, 13, 200),
(771, 15, 26, 180),
(772, 15, 92, 160),
(773, 15, 10, 140),
(774, 15, 33, 120),
(775, 15, 17, 100),
(776, 15, 133, 90),
(777, 15, 89, 80),
(778, 15, 184, 70),
(779, 15, 250, 60),
(780, 15, 148, 50),
(781, 15, 57, 45),
(782, 15, 95, 40),
(783, 15, 84, 35),
(784, 15, 193, 30),
(785, 15, 55, 30),
(786, 15, 116, 30),
(787, 15, 34, 30),
(788, 15, 98, 30),
(789, 15, 38, 30),
(790, 16, 5, 1750),
(791, 16, 31, 1300),
(792, 16, 57, 1000),
(793, 16, 183, 800),
(794, 16, 63, 600),
(795, 16, 26, 500),
(796, 16, 55, 400),
(797, 16, 17, 350),
(798, 16, 138, 300),
(799, 16, 147, 250),
(800, 16, 1, 200),
(801, 16, 284, 180),
(802, 16, 14, 160),
(803, 16, 41, 140),
(804, 16, 291, 120),
(805, 16, 13, 100),
(806, 16, 12, 90),
(807, 16, 83, 80),
(808, 16, 80, 70),
(809, 16, 98, 60),
(810, 16, 142, 50),
(811, 16, 111, 45),
(812, 16, 269, 40),
(813, 16, 107, 35),
(814, 16, 140, 30),
(815, 16, 92, 30),
(816, 16, 70, 30),
(817, 16, 271, 30),
(818, 16, 46, 30),
(819, 16, 45, 30),
(820, 17, 31, 2500),
(821, 17, 70, 2000),
(822, 17, 63, 1500),
(823, 17, 50, 1300),
(824, 17, 48, 1100),
(825, 17, 210, 1000),
(826, 17, 61, 900),
(827, 17, 71, 800),
(828, 17, 41, 700),
(829, 17, 111, 600),
(830, 17, 12, 550),
(831, 17, 13, 500),
(832, 17, 55, 450),
(833, 17, 133, 400),
(834, 17, 335, 350),
(835, 17, 5, 300),
(836, 17, 291, 250),
(837, 17, 173, 230),
(838, 17, 83, 210),
(839, 17, 119, 190),
(840, 17, 14, 170),
(841, 17, 122, 150),
(842, 17, 33, 130),
(843, 17, 320, 110),
(844, 17, 80, 100),
(845, 17, 95, 90),
(846, 17, 183, 80),
(847, 17, 107, 70),
(848, 17, 98, 60),
(849, 17, 472, 50);

-- --------------------------------------------------------

--
-- Tabelstructuur voor tabel `mb_wedstrijden`
--

CREATE TABLE `mb_wedstrijden` (
  `id` int(11) NOT NULL,
  `datum` varchar(50) NOT NULL,
  `naam` varchar(50) NOT NULL,
  `categorie` int(11) NOT NULL,
  `uitslag` varchar(500) NOT NULL
) ENGINE=MyISAM DEFAULT CHARSET=latin1;

--
-- Gegevens worden geëxporteerd voor tabel `mb_wedstrijden`
--

INSERT INTO `mb_wedstrijden` (`id`, `datum`, `naam`, `categorie`, `uitslag`) VALUES
(1, '02/03/2019', 'Omloop Het Nieuwsblad', 2, '69-10-12-76-41-120-56-38-91-34-176-17-1007-174-453-40-710-135-123-27-358-118-390-313-188-516-764-296-243-67'),
(2, '03/03/2019', 'Kuurne-Brussel-Kuurne', 3, '40-296-27-39-56-145-176-68-278-108-77-546-414-331-121-65-18-388-334-243'),
(3, '09/03/2019', 'Strade Bianche', 2, '5-31-1007-69-37-10-76-269-95-12-56-6-128-118-135-87-78-390-281-89-233-117-115-317-254-304-444-556-63-173'),
(4, '10/03/2019 - 17/03/2019', 'Parijs-Nice', 1, '24-25-13-163-14-49-80-40-42-122-99-106-34-74-38-96-41-119-102-540-22-421-243-433-3-23-142-11-321-492'),
(5, '13/03/2019 - 19/03/2019', 'Tirreno-Adriatico', 2, '8-50-31-7-9-5-111-269-78-92-275-37-76-279-71-10-35-12-95-52-148-70-126-835-117-266-89-127-236-254'),
(6, '23/03/2019', 'Milaan-Sanremo', 1, '5-34-13-2-35-1007-1-71-269-91-7-17-358-19-90-85-662-165-115-131-240-566-162-346-314-446-123-49-64-120'),
(7, '27/03/2019 - 29/03/2019', 'Driedaagse Brugge-De Panne', 3, '39-85-4-132-167-391-267-314-131-165-272-412-65-684-273-205-219-261-334-115'),
(8, '29/03/2019', 'E3 Harelbeke', 2, '69-1007-10-275-40-123-91-34-330-246-38-453-21-176-27-37-2-56-662-90-19-43-414-313-145-108-35-546-527-526'),
(9, '31/03/2019', 'Gent-Wevelgem', 2, '19-43-34-104-67-388-91-484-35-121-88-108-37-315-176-135-20-625-4-10-85-38-27-240-165-453-662-724-1007-485'),
(10, '03/04/2019', 'Dwars door Vlaanderen', 3, '104-315-40-455-37-625-67-56-54-507-176-19-388-20-35-414-115-165-34-188'),
(11, '07/04/2019', 'Ronde van Vlaanderen', 1, '275-282-19-104-123-17-34-1-37-10-2-176-450-1007-453-40-56-174-20-514-91-330-268-414-86-388-625-16-43-21'),
(12, '10/04/2019', 'Scheldeprijs Vlaanderen', 3, '62-161-384-77-273-715-662-338-175-428-267-757-693-58-328-684-567-313-682-531'),
(13, '14/04/2019', 'Parijs-Roubaix', 1, '38-123-56-86-2-145-165-69-544-453-135-10-34-507-388-662-16-315-77-643-174-1007-514-371-710-1008-20-43-176-555'),
(14, '17/04/2019', 'Brabantse Pijl', 3, '104-5-12-17-183-275-147-229-128-154-167-170-495-250-89-308-253-84-680-319'),
(15, '21/04/2019', 'Amstel Gold Race', 2, '104-269-31-5-63-183-142-99-14-91-13-26-92-10-33-17-133-89-184-250-148-57-95-84-193-55-116-34-98-38'),
(16, '24/04/2019', 'Waalse Pijl', 2, '5-31-57-183-63-26-55-17-138-147-1-284-14-41-291-13-12-83-80-98-142-111-269-107-140-92-70-271-46-45'),
(17, '28/04/2019', 'Luik-Bastenaken-Luik', 1, '31-70-63-50-48-210-61-71-41-111-12-13-55-133-335-5-291-173-83-119-14-122-33-320-80-95-183-107-98-472');

-- --------------------------------------------------------

--
-- Tabelstructuur voor tabel `ploegen`
--

CREATE TABLE `ploegen` (
  `id` int(11) NOT NULL,
  `naam` text,
  `groep` int(1) DEFAULT NULL,
  `status` int(1) DEFAULT NULL
) ENGINE=InnoDB DEFAULT CHARSET=utf8;

--
-- Gegevens worden geëxporteerd voor tabel `ploegen`
--

INSERT INTO `ploegen` (`id`, `naam`, `groep`, `status`) VALUES
(1, 'Turkije', 1, 0),
(2, 'Italië', 1, 0),
(3, 'Wales', 1, 0),
(4, 'Zwitserland', 1, 0),
(5, 'Denemarken', 2, 0),
(6, 'Finland', 2, 0),
(7, 'België', 2, 0),
(8, 'Rusland', 2, 0),
(9, 'Oostenrijk', 3, 0),
(10, 'Nederland', 3, 0),
(11, 'Noord-Macedonië', 3, 0),
(12, 'Oekraïne', 3, 0),
(13, 'Kroatië', 4, 0),
(14, 'Tsjechië', 4, 0),
(15, 'Engeland', 4, 0),
(16, 'Schotland', 4, 0),
(17, 'Polen', 5, 0),
(18, 'Slowakije', 5, 0),
(19, 'Spanje', 5, 0),
(20, 'Zweden', 5, 0),
(21, 'Frankrijk', 6, 0),
(22, 'Duitsland', 6, 0),
(23, 'Hongarije', 6, 0),
(24, 'Portugal', 6, 0);

-- --------------------------------------------------------

--
-- Tabelstructuur voor tabel `teams`
--

CREATE TABLE `teams` (
  `id` int(11) NOT NULL,
  `tname` char(32) DEFAULT NULL
) ENGINE=InnoDB DEFAULT CHARSET=utf8;

--
-- Gegevens worden geëxporteerd voor tabel `teams`
--

INSERT INTO `teams` (`id`, `tname`) VALUES
(1, 'Turkije'),
(2, 'Italië'),
(3, 'Wales'),
(4, 'Zwitserland'),
(5, 'Denemarken'),
(6, 'Finland'),
(7, 'België'),
(8, 'Rusland'),
(9, 'Oostenrijk'),
(10, 'Nederland'),
(11, 'Noord-Macedonië'),
(12, 'Oekraïne'),
(13, 'Kroatië'),
(14, 'Tsjechië'),
(15, 'Engeland'),
(16, 'Schotland'),
(17, 'Polen'),
(18, 'Slowakije'),
(19, 'Spanje'),
(20, 'Zweden'),
(21, 'Frankrijk'),
(22, 'Duitsland'),
(23, 'Hongarije'),
(24, 'Portugal');

-- --------------------------------------------------------

--
-- Tabelstructuur voor tabel `wedstrijden`
--

CREATE TABLE `wedstrijden` (
  `id` int(11) NOT NULL,
  `thuis` text,
  `uit` text,
  `groep` int(11) DEFAULT NULL,
  `Datum` text,
  `Uur` text,
  `volgende_wedstrijd` text,
  `uitslag` text,
  `hteam` int(11) NOT NULL,
  `ateam` int(11) NOT NULL
) ENGINE=InnoDB DEFAULT CHARSET=utf8;

--
-- Gegevens worden geëxporteerd voor tabel `wedstrijden`
--

INSERT INTO `wedstrijden` (`id`, `thuis`, `uit`, `groep`, `Datum`, `Uur`, `volgende_wedstrijd`, `uitslag`, `hteam`, `ateam`) VALUES
(1, 'Turkije', 'Italië', 1, '11/06', '21:00', NULL, '', 1, 2),
(2, 'Wales', 'Zwitserland', 1, '12/06', '15:00', NULL, '', 3, 4),
(3, 'Denemarken', 'Finland', 2, '12/06', '18:00', NULL, '', 5, 6),
(4, 'België', 'Rusland', 2, '12/06', '21:00', NULL, '', 7, 8),
(5, 'Engeland', 'Kroatië', 4, '13/06', '15:00', NULL, '', 15, 13),
(6, 'Oostenrijk', 'Noord-Macedonië', 3, '13/06', '18:00', NULL, '', 9, 11),
(7, 'Nederland', 'Oekraïne', 3, '12/06', '18:00', NULL, '', 10, 12),
(8, 'Schotland', 'Tsjechië', 4, '14/06', '15:00', NULL, '', 16, 14),
(9, 'Polen', 'Slowakije', 5, '14/06', '18:00', NULL, '', 17, 18),
(10, 'Spanje', 'Zweden', 5, '14/06', '21:00', NULL, '', 19, 20),
(11, 'Hongarije', 'Portugal', 6, '15/06', '18:00', NULL, '', 23, 24),
(12, 'Frankrijk', 'Duitsland', 6, '15/06', '21:00', NULL, '', 21, 22),
(13, 'Finland', 'Rusland', 2, '16/06', '15:00', NULL, '', 6, 8),
(14, 'Turkije', 'Wales', 1, '16/06', '18:00', NULL, '', 1, 3),
(15, 'Italië', 'Zwitserland', 1, '16/06', '19:00', NULL, '', 2, 4),
(16, 'Oekraïne', 'Noord-Macedonië', 3, '17/06', '15:00', NULL, '', 12, 11),
(17, 'Denemarken', 'België', 2, '17/06', '18:00', NULL, '', 5, 7),
(18, 'Nederland', 'Oostenrijk', 3, '17/06', '21:00', NULL, '', 10, 9),
(19, 'Zweden', 'Slowakije', 5, '18/06', '15:00', NULL, '', 20, 18),
(20, 'Kroatië', 'Tsjechië', 4, '18/06', '18:00', NULL, '', 13, 14),
(21, 'Engeland', 'Schotland', 4, '18/06', '21:00', NULL, '', 15, 16),
(22, 'Hongarije', 'Frankrijk', 6, '19/06', '15:00', NULL, '', 23, 21),
(23, 'Portugal', 'Duitsland', 6, '19/06', '18:00', NULL, '', 24, 22),
(24, 'Spanje', 'Polen', 5, '19/06', '21:00', NULL, '', 19, 17),
(25, 'Italië', 'Wales', 1, '20/06', '18:00', NULL, '', 2, 3),
(26, 'Zwitserland', 'Turkije', 1, '20/06', '18:00', NULL, '', 4, 1),
(27, 'Oekraïne', 'Oostenrijk', 3, '21/06', '18:00', NULL, '', 12, 9),
(28, 'Noord-Macedonië', 'Nederland', 3, '21/06', '18:00', NULL, '', 11, 10),
(29, 'Rusland', 'Denemarken', 2, '21/06', '18:00', NULL, '', 8, 5),
(30, 'Finland', 'België', 2, '21/06', '21:00', NULL, '', 6, 7),
(31, 'Kroatië', 'Schotland', 4, '22/06', '21:00', NULL, '', 13, 16),
(32, 'Tsjechië', 'Engeland', 4, '22/06', '21:00', NULL, '', 14, 15),
(33, 'Zweden', 'Polen', 5, '23/06', '18:00', NULL, '', 20, 17),
(34, 'Slowakije', 'Spanje', 5, '23/06', '18:00', NULL, '', 18, 19),
(35, 'Portugal', 'Frankrijk', 6, '23/06', '21:00', NULL, '', 24, 21),
(36, 'Duitsland', 'Hongarije', 6, '23/06', '21:00', NULL, '', 22, 23),
(37, '1A', '2C', 9, '26/06', '18:00 - Londen', '46_2', '', 0, 0),
(38, '2A', '2B', 9, '26/06', '21:00 - Amsterdam', '47_2', '', 0, 0),
(39, '1B', '3A/D/E/F', 9, '27/06', '18:00 - Sevilla', '46_1', '', 0, 0),
(40, '1C', '3D/E/F', 9, '27/06', '21:00 - Boedapest', '47_1', '', 0, 0),
(41, '2D', '2E', 9, '28/06', '18:00 - Kopenhagen', '45_2', '', 0, 0),
(42, '1F', '3A/B/C', 9, '28/06', '21:00 - Boekarest', '45_1', '', 0, 0),
(43, '1D', '2F', 9, '29/06', '18:00 - St-Petersburg', '48_2', NULL, 0, 0),
(44, '1E', '3A/B/C/D', 9, '29/06', '21:00 - Glasgow', '48_1', NULL, 0, 0),
(45, '', '', 10, '02/07', '18:00 - St. Petersburg', '49_1', '', 0, 0),
(46, '', '', 10, '02/07', '21:00 - München', '49_2', '', 0, 0),
(47, '', '', 10, '03/07', '18:00 - Bakoe', '50_2', '', 0, 0),
(48, '', '', 10, '03/07', '21:00 - Rome', '50_1', '', 0, 0),
(49, '', '', 11, '06/07', '21:00 - Londen', '51_1', '', 0, 0),
(50, '', '', 11, '07/07', '21:00 - Londen', '51_2', '', 0, 0),
(51, '', '', 13, '11/07', '21:00 - Londen', '52', '', 0, 0),
(52, NULL, NULL, 14, NULL, NULL, NULL, NULL, 0, 0),
(53, NULL, NULL, NULL, NULL, NULL, NULL, NULL, 0, 0);

--
-- Indexen voor geëxporteerde tabellen
--

--
-- Indexen voor tabel `afdeling`
--
ALTER TABLE `afdeling`
  ADD PRIMARY KEY (`id`);

--
-- Indexen voor tabel `deelnemers`
--
ALTER TABLE `deelnemers`
  ADD PRIMARY KEY (`id`);

--
-- Indexen voor tabel `deelnemers_input`
--
ALTER TABLE `deelnemers_input`
  ADD PRIMARY KEY (`id`);

--
-- Indexen voor tabel `games`
--
ALTER TABLE `games`
  ADD PRIMARY KEY (`id`);

--
-- Indexen voor tabel `gebruiker`
--
ALTER TABLE `gebruiker`
  ADD PRIMARY KEY (`id`);

--
-- Indexen voor tabel `mb_cat`
--
ALTER TABLE `mb_cat`
  ADD PRIMARY KEY (`id`);

--
-- Indexen voor tabel `mb_deelnemers`
--
ALTER TABLE `mb_deelnemers`
  ADD PRIMARY KEY (`id`);

--
-- Indexen voor tabel `mb_deelnemers_renners`
--
ALTER TABLE `mb_deelnemers_renners`
  ADD PRIMARY KEY (`id`);

--
-- Indexen voor tabel `mb_deelnemers_wedstrijdscore`
--
ALTER TABLE `mb_deelnemers_wedstrijdscore`
  ADD PRIMARY KEY (`id`);

--
-- Indexen voor tabel `mb_renners`
--
ALTER TABLE `mb_renners`
  ADD PRIMARY KEY (`code`);

--
-- Indexen voor tabel `mb_renners_wedstrijdscore`
--
ALTER TABLE `mb_renners_wedstrijdscore`
  ADD PRIMARY KEY (`id`);

--
-- Indexen voor tabel `mb_wedstrijden`
--
ALTER TABLE `mb_wedstrijden`
  ADD PRIMARY KEY (`id`);

--
-- Indexen voor tabel `ploegen`
--
ALTER TABLE `ploegen`
  ADD PRIMARY KEY (`id`);

--
-- Indexen voor tabel `teams`
--
ALTER TABLE `teams`
  ADD PRIMARY KEY (`id`);

--
-- Indexen voor tabel `wedstrijden`
--
ALTER TABLE `wedstrijden`
  ADD PRIMARY KEY (`id`);

--
-- AUTO_INCREMENT voor geëxporteerde tabellen
--

--
-- AUTO_INCREMENT voor een tabel `afdeling`
--
ALTER TABLE `afdeling`
  MODIFY `id` int(11) NOT NULL AUTO_INCREMENT, AUTO_INCREMENT=15;
--
-- AUTO_INCREMENT voor een tabel `deelnemers`
--
ALTER TABLE `deelnemers`
  MODIFY `id` int(11) NOT NULL AUTO_INCREMENT, AUTO_INCREMENT=93;
--
-- AUTO_INCREMENT voor een tabel `deelnemers_input`
--
ALTER TABLE `deelnemers_input`
  MODIFY `id` int(11) NOT NULL AUTO_INCREMENT, AUTO_INCREMENT=6264;
--
-- AUTO_INCREMENT voor een tabel `games`
--
ALTER TABLE `games`
  MODIFY `id` int(11) NOT NULL AUTO_INCREMENT, AUTO_INCREMENT=6671;
--
-- AUTO_INCREMENT voor een tabel `gebruiker`
--
ALTER TABLE `gebruiker`
  MODIFY `id` int(11) NOT NULL AUTO_INCREMENT, AUTO_INCREMENT=2;
--
-- AUTO_INCREMENT voor een tabel `mb_cat`
--
ALTER TABLE `mb_cat`
  MODIFY `id` int(11) NOT NULL AUTO_INCREMENT, AUTO_INCREMENT=4;
--
-- AUTO_INCREMENT voor een tabel `mb_deelnemers`
--
ALTER TABLE `mb_deelnemers`
  MODIFY `id` int(11) NOT NULL AUTO_INCREMENT, AUTO_INCREMENT=26;
--
-- AUTO_INCREMENT voor een tabel `mb_deelnemers_renners`
--
ALTER TABLE `mb_deelnemers_renners`
  MODIFY `id` int(11) NOT NULL AUTO_INCREMENT, AUTO_INCREMENT=253;
--
-- AUTO_INCREMENT voor een tabel `mb_deelnemers_wedstrijdscore`
--
ALTER TABLE `mb_deelnemers_wedstrijdscore`
  MODIFY `id` int(11) NOT NULL AUTO_INCREMENT, AUTO_INCREMENT=426;
--
-- AUTO_INCREMENT voor een tabel `mb_renners_wedstrijdscore`
--
ALTER TABLE `mb_renners_wedstrijdscore`
  MODIFY `id` int(11) NOT NULL AUTO_INCREMENT, AUTO_INCREMENT=850;
--
-- AUTO_INCREMENT voor een tabel `mb_wedstrijden`
--
ALTER TABLE `mb_wedstrijden`
  MODIFY `id` int(11) NOT NULL AUTO_INCREMENT, AUTO_INCREMENT=18;
--
-- AUTO_INCREMENT voor een tabel `ploegen`
--
ALTER TABLE `ploegen`
  MODIFY `id` int(11) NOT NULL AUTO_INCREMENT, AUTO_INCREMENT=35;
--
-- AUTO_INCREMENT voor een tabel `teams`
--
ALTER TABLE `teams`
  MODIFY `id` int(11) NOT NULL AUTO_INCREMENT, AUTO_INCREMENT=33;
--
-- AUTO_INCREMENT voor een tabel `wedstrijden`
--
ALTER TABLE `wedstrijden`
  MODIFY `id` int(11) NOT NULL AUTO_INCREMENT, AUTO_INCREMENT=67;
/*!40101 SET CHARACTER_SET_CLIENT=@OLD_CHARACTER_SET_CLIENT */;
/*!40101 SET CHARACTER_SET_RESULTS=@OLD_CHARACTER_SET_RESULTS */;
/*!40101 SET COLLATION_CONNECTION=@OLD_COLLATION_CONNECTION */;
